datetime,open,high,low,close,volume,dividends,stock_splits,volatility,SMA_20,EMA_20,RSI,daily_return,cumulative_return,momentum
2025-01-06-00,909.5999755859375,909.5999755859375,909.5999755859375,909.5999755859375,0.0,0.0,0.0,0.0,0.0,909.6,0.0,0.0,0.0,0.0
2025-01-07-00,921.2999877929688,921.2999877929688,921.2999877929688,921.2999877929688,0.0,0.0,0.0,0.0,0.0,910.7143,0.0,0.0129,1.0129,0.0
2025-01-08-00,921.5,921.5,921.5,921.5,0.0,0.0,0.0,0.0,0.0,911.7415,0.0,0.0002,1.0131,0.0
2025-01-09-00,923.9000244140625,923.9000244140625,923.9000244140625,923.9000244140625,6.0,0.0,0.0,0.0,0.0,912.8994,0.0,0.0026,1.0157,0.0
2025-01-10-00,961.7000122070312,961.7000122070312,961.7000122070312,961.7000122070312,6.0,0.0,0.0,0.0,0.0,917.5471,0.0,0.0409,1.0573,0.0
2025-01-13-00,934.7999877929688,934.7999877929688,934.7999877929688,934.7999877929688,6.0,0.0,0.0,0.0,0.0,919.1902,0.0,-0.028,1.0277,0.0
2025-01-14-00,940.7000122070312,940.7000122070312,940.7000122070312,940.7000122070312,6.0,0.0,0.0,0.0,0.0,921.2388,0.0,0.0063,1.0342,0.0
2025-01-15-00,965.5,965.5,965.5,965.5,6.0,0.0,0.0,0.0,0.0,925.4541,0.0,0.0264,1.0615,0.0
2025-01-16-00,950.2999877929688,950.2999877929688,950.2999877929688,950.2999877929688,6.0,0.0,0.0,0.0,0.0,927.8204,0.0,-0.0157,1.0447,0.0
2025-01-17-00,960.5,960.5,960.5,960.5,6.0,0.0,0.0,0.0,0.0,930.9328,0.0,0.0107,1.056,0.0
2025-01-21-00,972.5,972.5,972.5,972.5,6.0,0.0,0.0,0.0,0.0,934.8915,0.0,0.0125,1.0692,0.0
2025-01-22-00,998.4000244140625,998.4000244140625,998.4000244140625,998.4000244140625,6.0,0.0,0.0,0.0,0.0,940.94,0.0,0.0266,1.0976,0.0
2025-01-23-00,1010.2000122070312,1010.2000122070312,1010.2000122070312,1010.2000122070312,6.0,0.0,0.0,0.0,0.0,947.5362,0.0,0.0118,1.1106,0.0
2025-01-24-00,1001.2000122070312,1001.2000122070312,1001.2000122070312,1001.2000122070312,6.0,0.0,0.0,0.0,0.0,952.647,73.6326,-0.0089,1.1007,0.0
2025-01-27-00,963.5999755859375,963.5999755859375,963.5999755859375,963.5999755859375,6.0,0.0,0.0,0.0,0.0,953.6901,61.6681,-0.0376,1.0594,54.0
2025-01-28-00,954.5999755859375,954.5999755859375,954.5999755859375,954.5999755859375,6.0,0.0,0.0,0.0,0.0,953.7768,57.2803,-0.0093,1.0495,33.3
2025-01-29-00,966.5999755859375,966.5999755859375,966.5999755859375,966.5999755859375,1.0,0.0,0.0,0.0,0.0,954.9981,59.3763,0.0126,1.0627,45.1
2025-01-30-00,975.5,1004.5999755859375,975.5,1004.5999755859375,1.0,0.0,0.0,0.0,0.0,959.722,64.6143,0.0393,1.1044,80.7
2025-01-31-00,1066.9000244140625,1066.9000244140625,1066.9000244140625,1066.9000244140625,7.0,0.0,0.0,0.0,0.0,969.9295,67.4983,0.062,1.1729,105.2
2025-02-03-00,1039.199951171875,1039.199951171875,1039.199951171875,1039.199951171875,0.0,0.0,0.0,41.1526,968.38,976.5267,67.3192,-0.026,1.1425,104.4
2025-02-04-00,1027.0,1030.0,1009.7000122070312,1009.7000122070312,9.0,0.0,0.0,39.6886,973.385,979.686,60.6154,-0.0284,1.11,69.0
2025-02-05-00,1014.4000244140625,1014.4000244140625,1014.4000244140625,1014.4000244140625,0.0,0.0,0.0,38.7057,978.04,982.9921,58.019,0.0047,1.1152,48.9
2025-02-06-00,989.2999877929688,989.2999877929688,989.2999877929688,989.2999877929688,0.0,0.0,0.0,36.3931,981.43,983.5929,56.1944,-0.0247,1.0876,39.0
2025-02-07-00,977.7999877929688,977.7999877929688,977.7999877929688,977.7999877929688,0.0,0.0,0.0,33.8128,984.125,983.0412,52.7365,-0.0116,1.075,17.3
2025-02-10-00,998.7000122070312,998.7000122070312,998.7000122070312,998.7000122070312,0.0,0.0,0.0,33.5324,985.975,984.5325,54.0308,0.0214,1.098,26.2
2025-02-11-00,987.5999755859375,987.5999755859375,987.5999755859375,987.5999755859375,0.0,0.0,0.0,31.2951,988.615,984.8246,48.2592,-0.0111,1.0858,-10.8
2025-02-12-00,982.5999755859375,982.5999755859375,982.5999755859375,982.5999755859375,0.0,0.0,0.0,29.2547,990.71,984.6128,45.4515,-0.0051,1.0803,-27.6
2025-02-13-00,1015.2999877929688,1015.2999877929688,1015.2999877929688,1015.2999877929688,22.0,0.0,0.0,29.115,993.2,987.5353,52.1553,0.0333,1.1162,14.1
2025-02-14-00,1005.0,1005.0,1005.0,1005.0,1.0,0.0,0.0,27.3912,995.935,989.1986,56.9046,-0.0101,1.1049,41.4
2025-02-18-00,1008.7000122070312,1008.7000122070312,1008.7000122070312,1008.7000122070312,0.0,0.0,0.0,26.204,998.345,991.0559,59.1851,0.0037,1.1089,54.1
2025-02-19-00,1009.0,1009.0,987.2999877929688,987.2999877929688,2.0,0.0,0.0,25.6386,999.085,990.6982,53.4057,-0.0212,1.0854,20.7
2025-02-20-00,1004.9000244140625,1004.9000244140625,1004.9000244140625,1004.9000244140625,2.0,0.0,0.0,25.6707,999.41,992.0508,50.0529,0.0178,1.1048,0.3
2025-02-21-00,988.0999755859375,988.0999755859375,988.0999755859375,988.0999755859375,5.0,0.0,0.0,25.6574,998.305,991.6745,33.4454,-0.0167,1.0863,-78.8
2025-02-24-00,940.5999755859375,940.5999755859375,940.5999755859375,940.5999755859375,0.0,0.0,0.0,28.6959,995.275,986.8103,30.8767,-0.0481,1.0341,-98.6
2025-02-25-00,920.5,920.5,920.5,920.5,0.0,0.0,0.0,32.5582,993.12,980.495,32.0451,-0.0214,1.012,-89.2
2025-02-26-00,920.5,920.5,920.5,920.5,2981.0,0.0,0.0,35.4464,991.415,974.7812,30.7345,0.0,1.012,-93.9
2025-02-27-00,923.5,925.0,899.0,901.2999877929688,471.0,0.0,0.0,40.4996,988.15,967.783,31.4971,-0.0209,0.9909,-88.0
2025-02-28-00,900.0,900.0,890.0,899.7000122070312,9.0,0.0,0.0,44.8194,982.905,961.2989,32.8653,-0.0018,0.9891,-78.1
2025-03-03-00,951.2000122070312,951.2000122070312,951.2000122070312,951.2000122070312,2.0,0.0,0.0,40.6833,977.12,960.3371,40.8124,0.0572,1.0457,-47.5
2025-03-04-00,946.2999877929688,946.2999877929688,946.2999877929688,946.2999877929688,0.0,0.0,0.0,38.4653,972.475,959.0002,41.8153,-0.0052,1.0403,-41.3
2025-03-05-00,939.4000244140625,939.4000244140625,939.4000244140625,939.4000244140625,0.0,0.0,0.0,38.0948,968.96,957.1335,41.5028,-0.0073,1.0328,-43.2
2025-03-06-00,942.0,942.0,942.0,942.0,0.0,0.0,0.0,36.973,965.34,955.6922,33.6457,0.0028,1.0356,-73.3
2025-03-07-00,952.0,952.0,945.7999877929688,945.7999877929688,1.0,0.0,0.0,36.7682,963.165,954.7501,36.3971,0.004,1.0398,-59.2
2025-03-10-00,959.0,959.0,939.7999877929688,939.7999877929688,1.0,0.0,0.0,36.9535,961.265,953.3263,34.3338,-0.0063,1.0332,-68.9
2025-03-11-00,938.2000122070312,938.2000122070312,938.2000122070312,938.2000122070312,0.0,0.0,0.0,36.1963,958.24,951.8857,37.7311,-0.0017,1.0314,-49.1
2025-03-12-00,943.2000122070312,943.2000122070312,943.2000122070312,943.2000122070312,0.0,0.0,0.0,35.6584,956.02,951.0585,33.5467,0.0053,1.0369,-61.7
2025-03-13-00,953.0,953.0,953.0,953.0,0.0,0.0,0.0,35.1072,954.54,951.2434,40.277,0.0104,1.0477,-35.1
2025-03-14-00,959.0,980.0,959.0,962.2999877929688,6.0,0.0,0.0,32.1557,951.89,952.2964,57.6247,0.0098,1.0579,21.7
2025-03-17-00,963.5999755859375,963.5999755859375,963.5999755859375,963.5999755859375,0.0,0.0,0.0,29.8033,949.82,953.3729,67.4494,0.0014,1.0594,43.1
2025-03-18-00,966.2000122070312,966.2000122070312,966.2000122070312,966.2000122070312,0.0,0.0,0.0,26.7421,947.695,954.5946,68.1206,0.0027,1.0622,45.7
2025-03-19-00,949.2000122070312,949.2000122070312,949.2000122070312,949.2000122070312,0.0,0.0,0.0,25.0775,945.79,954.0808,69.3301,-0.0176,1.0435,47.9
2025-03-20-00,946.0,946.0,939.0999755859375,939.0999755859375,3.0,0.0,0.0,20.8794,942.5,952.6541,64.8791,-0.0106,1.0324,39.4
2025-03-21-00,951.2000122070312,951.2000122070312,951.2000122070312,951.2000122070312,0.0,0.0,0.0,18.0807,940.655,952.5156,50.0,0.0129,1.0457,0.0
2025-03-24-00,948.0,949.5,947.7000122070312,947.7000122070312,3.0,0.0,0.0,18.1491,941.01,952.0569,50.7642,-0.0037,1.0419,1.4
2025-03-25-00,961.5,961.5,948.5,953.7999877929688,2.0,0.0,0.0,17.6901,942.675,952.223,57.9295,0.0064,1.0486,14.4
2025-03-26-00,962.5,962.5,962.5,962.5,2.0,0.0,0.0,17.4099,944.775,953.2017,60.5779,0.0091,1.0582,20.5
2025-03-27-00,969.0,974.0,969.0,973.7999877929688,13.0,0.0,0.0,15.3014,948.4,955.1635,63.41,0.0117,1.0706,28.0
2025-03-28-00,965.0,974.2999877929688,965.0,974.2999877929688,3.0,0.0,0.0,11.4004,952.13,956.986,67.4419,0.0005,1.0711,34.5
2025-03-31-00,991.2000122070312,991.2000122070312,991.2000122070312,991.2000122070312,3.0,0.0,0.0,14.3545,954.13,960.2445,73.2049,0.0173,1.0897,53.0
2025-04-01-00,991.2999877929688,991.2999877929688,991.2999877929688,991.2999877929688,3.0,0.0,0.0,16.4382,956.38,963.2021,72.0036,0.0001,1.0898,48.1
2025-04-02-00,974.5,974.5,974.5,974.5,3.0,0.0,0.0,16.4036,958.135,964.2781,59.2433,-0.0169,1.0714,21.5
2025-04-03-00,919.0999755859375,919.0999755859375,919.0999755859375,919.0999755859375,3.0,0.0,0.0,18.2809,956.99,959.9754,36.6995,-0.0568,1.0104,-43.2
2025-04-04-00,896.2000122070312,896.2000122070312,896.2000122070312,896.2000122070312,3.0,0.0,0.0,22.7073,954.51,953.9016,31.6848,-0.0249,0.9853,-67.4
2025-04-07-00,876.5999755859375,876.5999755859375,876.5999755859375,876.5999755859375,3.0,0.0,0.0,28.5166,951.35,946.5395,27.7114,-0.0219,0.9637,-89.6
2025-04-08-00,877.9000244140625,877.9000244140625,877.9000244140625,877.9000244140625,3.0,0.0,0.0,32.84,948.335,940.0024,30.7609,0.0015,0.9651,-71.3
2025-04-09-00,878.0999755859375,878.0999755859375,878.0999755859375,878.0999755859375,3.0,0.0,0.0,36.4082,945.08,934.107,32.6112,0.0002,0.9654,-61.0
2025-04-10-00,888.9000244140625,888.9000244140625,888.9000244140625,888.9000244140625,3.0,0.0,0.0,38.439,941.875,929.8015,32.108,0.0123,0.9772,-62.3
2025-04-11-00,896.7999877929688,896.7999877929688,896.7999877929688,896.7999877929688,3.0,0.0,0.0,39.3859,938.6,926.6585,35.7423,0.0089,0.9859,-50.9
2025-04-14-00,946.5999755859375,946.5999755859375,946.5999755859375,946.5999755859375,3.0,0.0,0.0,38.9995,937.75,928.5577,48.3798,0.0555,1.0407,-7.2
2025-04-15-00,968.2000122070312,968.2000122070312,968.2000122070312,968.2000122070312,3.0,0.0,0.0,39.0787,937.85,932.3332,51.2123,0.0228,1.0644,5.7
2025-04-16-00,969.7999877929688,969.7999877929688,969.7999877929688,969.7999877929688,3.0,0.0,0.0,39.6608,938.88,935.9014,49.1127,0.0017,1.0662,-4.0
2025-04-17-00,955.4000244140625,955.4000244140625,955.4000244140625,955.4000244140625,3.0,0.0,0.0,39.8326,939.695,937.7585,46.051,-0.0148,1.0504,-18.9
2025-04-21-00,925.7000122070312,925.7000122070312,925.7000122070312,925.7000122070312,3.0,0.0,0.0,39.8531,938.42,936.61,37.0091,-0.0311,1.0177,-65.5
2025-04-22-00,928.7999877929688,928.7999877929688,928.7999877929688,928.7999877929688,3.0,0.0,0.0,39.8456,937.475,935.8662,37.7499,0.0033,1.0211,-62.5
2025-04-23-00,937.7000122070312,937.7000122070312,937.7000122070312,937.7000122070312,3.0,0.0,0.0,39.6606,936.67,936.0409,42.5566,0.0096,1.0309,-36.8
2025-04-24-00,947.9000244140625,947.9000244140625,947.9000244140625,947.9000244140625,3.0,0.0,0.0,39.2928,935.94,937.1703,57.1287,0.0109,1.0421,28.8
2025-04-25-00,931.0,931.0,931.0,931.0,3.0,0.0,0.0,38.2746,933.8,936.5827,58.8775,-0.0178,1.0235,34.8
2025-04-28-00,954.0,965.5,943.4000244140625,943.4000244140625,8.0,0.0,0.0,37.1612,932.255,937.2319,67.6907,0.0133,1.0372,66.8
2025-04-29-00,932.5,932.5,932.5,932.5,0.0,0.0,0.0,34.4822,929.32,936.7813,63.7601,-0.0116,1.0252,54.6
2025-04-30-00,930.2000122070312,930.2000122070312,930.2000122070312,930.2000122070312,0.0,0.0,0.0,31.2578,926.265,936.1545,62.9925,-0.0025,1.0226,52.1
2025-05-01-00,939.7000122070312,939.7000122070312,939.7000122070312,939.7000122070312,0.0,0.0,0.0,29.3413,924.525,936.4922,62.751,0.0102,1.0331,50.8
2025-05-02-00,946.9000244140625,946.9000244140625,946.9000244140625,946.9000244140625,0.0,0.0,0.0,29.7267,925.915,937.4834,62.6197,0.0077,1.041,50.1
2025-05-05-00,938.5,938.5,938.5,938.5,0.0,0.0,0.0,28.9971,928.03,937.5802,47.422,-0.0089,1.0318,-8.1
2025-05-06-00,976.2999877929688,976.2999877929688,976.2999877929688,976.2999877929688,0.0,0.0,0.0,28.2506,933.015,941.2678,52.337,0.0403,1.0733,8.1
2025-05-07-00,978.2999877929688,978.2999877929688,978.2999877929688,978.2999877929688,0.0,0.0,0.0,26.8258,938.035,944.7947,52.4467,0.002,1.0755,8.5
2025-05-08-00,979.4000244140625,979.4000244140625,979.4000244140625,979.4000244140625,0.0,0.0,0.0,24.3641,943.1,948.0904,57.4813,0.0011,1.0767,24.0
2025-05-09-00,978.0,978.0,978.0,978.0,0.0,0.0,0.0,21.9594,947.555,950.939,69.7956,-0.0014,1.0752,52.3
2025-05-12-00,938.0,938.0,938.0,938.0,0.0,0.0,0.0,18.6271,949.615,949.7067,52.7219,-0.0409,1.0312,9.2
2025-05-13-00,952.2000122070312,952.2000122070312,952.2000122070312,952.2000122070312,0.0,0.0,0.0,18.6215,949.895,949.9441,54.1595,0.0151,1.0468,14.5
2025-05-14-00,950.2999877929688,950.2999877929688,950.2999877929688,950.2999877929688,0.0,0.0,0.0,18.1188,949.0,949.978,50.7229,-0.002,1.0447,2.4
2025-05-15-00,964.2000122070312,964.2000122070312,964.2000122070312,964.2000122070312,0.0,0.0,0.0,17.8212,948.72,951.3325,60.184,0.0146,1.06,33.2
2025-05-16-00,956.7999877929688,956.7999877929688,956.7999877929688,956.7999877929688,0.0,0.0,0.0,17.8516,948.79,951.8532,54.2405,-0.0077,1.0519,13.4
2025-05-19-00,979.2000122070312,979.2000122070312,979.2000122070312,979.2000122070312,0.0,0.0,0.0,18.2142,951.465,954.4577,63.7758,0.0234,1.0765,46.7
2025-05-20-00,1021.5999755859375,1021.5999755859375,1021.5999755859375,1021.5999755859375,0.0,0.0,0.0,23.2583,956.105,960.8522,71.8034,0.0433,1.1231,91.4
2025-05-21-00,1046.5999755859375,1046.5999755859375,1046.5999755859375,1046.5999755859375,0.0,0.0,0.0,30.3798,961.55,969.0186,73.745,0.0245,1.1506,106.9
2025-05-22-00,1024.0,1024.0,1024.0,1024.0,0.0,0.0,0.0,33.2136,965.355,974.255,66.0291,-0.0216,1.1258,77.1
2025-05-23-00,1001.5,1001.5,1001.5,1001.5,0.0,0.0,0.0,33.1166,968.88,976.8497,62.3723,-0.022,1.101,63.0
2025-05-27-00,977.2999877929688,977.2999877929688,977.2999877929688,977.2999877929688,0.0,0.0,0.0,32.6074,970.575,976.8926,50.2075,-0.0242,1.0744,1.0
2025-05-28-00,962.2000122070312,962.2000122070312,962.2000122070312,962.2000122070312,3532.0,0.0,0.0,31.4375,972.06,975.4933,46.832,-0.0155,1.0578,-16.1
2025-05-29-00,962.0,977.0,958.0,967.2999877929688,550.0,0.0,0.0,29.8942,973.915,974.713,47.6559,0.0053,1.0634,-12.1
2025-05-30-00,960.0,961.2999877929688,957.0,961.2999877929688,6.0,0.0,0.0,28.9689,974.995,973.4356,46.8215,-0.0062,1.0568,-16.7
2025-06-02-00,977.0,996.0,977.0,988.5999755859375,10.0,0.0,0.0,28.334,977.08,974.8798,60.12,0.0284,1.0869,50.6
2025-06-03-00,1015.0,1015.0,1015.0,1015.0,0.0,0.0,0.0,28.0136,980.905,978.7008,61.9756,0.0267,1.1159,62.8
2025-06-04-00,1010.0,1014.0,1000.2999877929688,1000.2999877929688,27.0,0.0,0.0,28.3183,982.105,980.7578,59.0909,-0.0145,1.0997,50.0
2025-06-05-00,1038.5,1038.5,1002.5,1006.5,41.0,0.0,0.0,28.8166,983.515,983.2095,57.9125,0.0062,1.1065,42.3
2025-06-06-00,1060.5999755859375,1060.5999755859375,1060.5999755859375,1060.5999755859375,0.0,0.0,0.0,33.5394,987.575,990.58,66.5287,0.0538,1.166,103.8
2025-06-09-00,1079.5,1106.0,1079.5,1084.4000244140625,20.0,0.0,0.0,39.7957,992.895,999.5152,66.6772,0.0224,1.1922,105.2
2025-06-10-00,1074.0,1074.5,1068.0,1068.0,7.0,0.0,0.0,40.9574,999.395,1006.0376,58.0166,-0.0151,1.1741,46.4
2025-06-11-00,1087.0999755859375,1087.0999755859375,1087.0999755859375,1087.0999755859375,1.0,0.0,0.0,43.7863,1006.14,1013.7578,57.1429,0.0179,1.1951,40.5
2025-06-12-00,1062.0999755859375,1062.0999755859375,1062.0999755859375,1062.0999755859375,12.0,0.0,0.0,43.4172,1011.73,1018.3618,56.6632,-0.023,1.1677,38.1
2025-06-13-00,1039.5999755859375,1039.5999755859375,1039.5999755859375,1039.5999755859375,0.0,0.0,0.0,42.3329,1015.5,1020.3845,56.6632,-0.0212,1.1429,38.1
2025-06-16-00,1055.5,1055.5,1032.0,1036.699951171875,10.0,0.0,0.0,40.2191,1019.495,1021.9384,61.2245,-0.0028,1.1397,59.4
2025-06-17-00,1062.300048828125,1062.300048828125,1062.300048828125,1062.300048828125,0.0,0.0,0.0,40.1295,1023.65,1025.7823,68.1934,0.0247,1.1679,100.1
2025-06-18-00,1057.0,1067.0,1057.0,1061.800048828125,0.0,0.0,0.0,41.0184,1025.66,1029.2126,67.4677,-0.0005,1.1673,94.5001
2025-06-20-00,1046.0,1052.800048828125,1046.0,1052.800048828125,1.0,0.0,0.0,41.208,1025.97,1031.459,66.7276,-0.0085,1.1574,91.5001
2025-06-23-00,1088.5999755859375,1096.0,1088.5999755859375,1088.5999755859375,4.0,0.0,0.0,43.5127,1029.2,1036.901,67.7305,0.034,1.1968,100.0
2025-06-24-00,1067.0,1067.0,1067.0,1067.0,0.0,0.0,0.0,43.7823,1032.475,1039.7676,59.3795,-0.0198,1.173,52.0
2025-06-25-00,1065.4000244140625,1065.4000244140625,1065.4000244140625,1065.4000244140625,0.0,0.0,0.0,42.3473,1036.88,1042.2088,62.3249,-0.0015,1.1713,65.1
2025-06-26-00,1137.300048828125,1137.300048828125,1137.300048828125,1137.300048828125,82.0,0.0,0.0,44.1568,1045.635,1051.2651,69.8302,0.0675,1.2503,130.8
2025-06-27-00,1145.5999755859375,1145.5999755859375,1145.5999755859375,1145.5999755859375,2.0,0.0,0.0,45.4878,1054.55,1060.2494,64.9648,0.0073,1.2595,85.0
2025-06-30-00,1102.0999755859375,1102.0999755859375,1102.0999755859375,1102.0999755859375,0.0,0.0,0.0,40.9672,1061.59,1064.2351,52.9141,-0.038,1.2116,17.7
2025-07-01-00,1105.5,1105.5,1105.5,1105.5,0.0,0.0,0.0,38.2548,1067.435,1068.1651,56.4499,0.0031,1.2154,37.5
2025-07-02-00,1157.0,1157.0,1157.0,1157.0,0.0,0.0,0.0,41.0836,1074.535,1076.6256,60.8171,0.0466,1.272,69.9
2025-07-03-00,1136.5,1136.5,1136.5,1136.5,0.0,0.0,0.0,39.3839,1081.345,1082.3279,61.6761,-0.0177,1.2495,74.4
2025-07-07-00,1103.699951171875,1103.699951171875,1103.699951171875,1103.699951171875,0.0,0.0,0.0,35.4641,1086.205,1084.3633,59.7446,-0.0289,1.2134,64.1
2025-07-08-00,1110.9000244140625,1110.9000244140625,1110.9000244140625,1110.9000244140625,0.0,0.0,0.0,35.336,1088.72,1086.8906,61.1345,0.0065,1.2213,74.2001
2025-07-09-00,1130.800048828125,1130.800048828125,1130.800048828125,1130.800048828125,0.0,0.0,0.0,36.5401,1091.04,1091.0725,60.458,0.0179,1.2432,68.5
2025-07-10-00,1183.5,1214.5,1183.5,1186.9000244140625,11.0,0.0,0.0,41.8769,1096.985,1100.1989,66.3273,0.0496,1.3049,125.1
2025-07-11-00,1273.0,1273.0,1273.0,1273.0,0.0,0.0,0.0,57.3427,1106.28,1116.6562,73.9244,0.0725,1.3995,220.2
2025-07-14-00,1230.5,1230.5,1230.5,1230.5,0.0,0.0,0.0,62.6336,1114.7,1127.4984,65.196,-0.0334,1.3528,141.9
2025-07-15-00,1239.0,1239.0,1239.0,1239.0,0.0,0.0,0.0,65.8382,1124.67,1138.1176,68.9511,0.0069,1.3621,172.0
2025-07-16-00,1278.0,1278.0,1278.0,1278.0,0.0,0.0,0.0,70.7921,1136.735,1151.4398,71.6409,0.0315,1.405,212.6
2025-07-17-00,1282.5,1300.0,1282.5,1291.0,8.0,0.0,0.0,76.3857,1148.17,1164.7312,67.777,0.0102,1.4193,153.7
2025-07-18-00,1360.0,1360.0,1291.9000244140625,1291.9000244140625,5.0,0.0,0.0,79.9381,1159.675,1176.8425,67.2158,0.0007,1.4203,146.3
2025-07-21-00,1291.4000244140625,1291.4000244140625,1291.4000244140625,1291.4000244140625,0.0,0.0,0.0,80.9466,1171.605,1187.7528,74.784,-0.0004,1.4197,189.3
2025-07-22-00,1312.9000244140625,1312.9000244140625,1312.9000244140625,1312.9000244140625,0.0,0.0,0.0,84.3095,1182.82,1199.6716,75.925,0.0166,1.4434,207.4
2025-07-23-00,1315.5999755859375,1315.5999755859375,1315.5999755859375,1315.5999755859375,0.0,0.0,0.0,84.6603,1195.25,1210.7124,72.5797,0.0021,1.4464,158.6
2025-07-24-00,1277.0,1277.0,1277.0,1277.0,0.0,0.0,0.0,80.7084,1205.83,1217.0255,69.0225,-0.0293,1.4039,140.5
2025-07-25-00,1243.4000244140625,1243.4000244140625,1243.4000244140625,1243.4000244140625,0.0,0.0,0.0,79.4439,1211.135,1219.5373,68.8733,-0.0263,1.367,139.7001
2025-07-28-00,1280.5,1280.5,1280.5,1280.5,0.0,0.0,0.0,79.3136,1217.88,1225.3433,71.2,0.0298,1.4078,169.6
2025-07-29-00,1268.199951171875,1268.199951171875,1268.199951171875,1268.199951171875,17.0,0.0,0.0,75.1384,1226.185,1229.4249,67.5076,-0.0096,1.3942,137.3999
2025-07-30-00,1255.199951171875,1255.199951171875,1255.199951171875,1255.199951171875,24.0,0.0,0.0,69.7463,1233.67,1231.8797,59.7767,-0.0103,1.3799,68.2999
2025-07-31-00,1196.0999755859375,1196.0999755859375,1196.0999755859375,1196.0999755859375,0.0,0.0,0.0,68.0105,1235.625,1228.4721,38.0701,-0.0471,1.315,-76.9
2025-08-01-00,1207.9000244140625,1207.9000244140625,1207.9000244140625,1207.9000244140625,0.0,0.0,0.0,64.3065,1239.195,1226.5128,46.1248,0.0099,1.3279,-22.6
2025-08-04-00,1194.800048828125,1194.800048828125,1194.800048828125,1194.800048828125,0.0,0.0,0.0,57.0171,1243.75,1223.4926,42.5388,-0.0108,1.3135,-44.2
2025-08-05-00,1193.5,1193.5,1193.5,1193.5,0.0,0.0,0.0,49.3659,1247.88,1220.6361,33.6557,-0.0011,1.3121,-84.5
2025-08-06-00,1137.4000244140625,1137.4000244140625,1137.4000244140625,1137.4000244140625,0.0,0.0,0.0,48.5575,1248.21,1212.7089,24.5358,-0.047,1.2504,-153.6
2025-08-07-00,1160.9000244140625,1160.9000244140625,1160.9000244140625,1160.9000244140625,0.0,0.0,0.0,50.5908,1246.91,1207.7747,29.7964,0.0207,1.2763,-131.0
2025-08-08-00,1133.199951171875,1133.199951171875,1133.199951171875,1133.199951171875,0.0,0.0,0.0,56.1489,1239.92,1200.6723,27.49,-0.0239,1.2458,-158.2001
2025-08-11-00,1149.4000244140625,1149.4000244140625,1149.4000244140625,1149.4000244140625,0.0,0.0,0.0,59.6823,1235.865,1195.7893,26.3797,0.0143,1.2636,-163.5
2025-08-12-00,1131.199951171875,1131.199951171875,1131.199951171875,1131.199951171875,0.0,0.0,0.0,64.0893,1230.475,1189.6379,24.5022,-0.0158,1.2436,-184.4
2025-08-13-00,1121.0999755859375,1121.0999755859375,1121.0999755859375,1121.0999755859375,0.0,0.0,0.0,67.479,1222.63,1183.1105,26.5986,-0.0089,1.2325,-155.9
2025-08-14-00,1144.5,1144.5,1144.5,1144.5,0.0,0.0,0.0,67.618,1215.305,1179.4333,34.6857,0.0209,1.2582,-98.9
2025-08-15-00,1107.5999755859375,1107.5999755859375,1107.5999755859375,1107.5999755859375,0.0,0.0,0.0,69.1706,1206.09,1172.592,23.2104,-0.0322,1.2177,-172.9
2025-08-18-00,1121.4000244140625,1121.4000244140625,1121.4000244140625,1121.4000244140625,0.0,0.0,0.0,68.5782,1197.59,1167.7166,27.3597,0.0125,1.2328,-146.7999
2025-08-19-00,1101.800048828125,1101.800048828125,1101.800048828125,1101.800048828125,0.0,0.0,0.0,66.097,1187.035,1161.4388,26.8138,-0.0175,1.2113,-153.3999
2025-08-20-00,1111.199951171875,1111.199951171875,1111.199951171875,1111.199951171875,0.0,0.0,0.0,60.7586,1176.815,1156.6542,34.8986,0.0085,1.2216,-84.9
2025-08-21-00,1105.5,1105.5,1105.5,1105.5,0.0,0.0,0.0,57.9104,1168.24,1151.7823,31.3818,-0.0051,1.2154,-102.4
2025-08-22-00,1123.5,1123.5,1123.5,1123.5,0.0,0.0,0.0,55.8912,1162.245,1149.0888,37.2633,0.0163,1.2352,-71.3
2025-08-25-00,1087.5,1087.5,1087.5,1087.5,0.0,0.0,0.0,50.8314,1152.595,1143.2232,33.1532,-0.032,1.1956,-106.0
2025-08-26-00,1084.199951171875,1084.199951171875,1084.199951171875,1084.199951171875,0.0,0.0,0.0,45.1391,1143.395,1137.6019,39.8396,-0.003,1.192,-53.2001
2025-08-27-00,1082.0,1082.0,1082.0,1082.0,4021.0,0.0,0.0,38.7179,1134.735,1132.3065,33.5967,-0.002,1.1895,-78.9
2025-08-28-00,1093.0,1115.0,1089.5,1104.5999755859375,880.0,0.0,0.0,36.4231,1130.16,1129.6678,43.9252,0.0209,1.2144,-28.6
2025-08-29-00,1086.0,1105.199951171875,1084.5,1105.199951171875,0.0,0.0,0.0,31.837,1125.025,1127.3375,39.9454,0.0005,1.215,-44.2001
2025-09-02-00,1130.0,1156.0,1124.5,1136.4000244140625,11.0,0.0,0.0,27.4808,1122.105,1128.2006,51.1169,0.0282,1.2493,5.2001
2025-09-03-00,1136.0,1168.5,1136.0,1168.5,28.0,0.0,0.0,24.4655,1120.855,1132.0387,59.3014,0.0282,1.2846,47.4
2025-09-04-00,1125.5,1125.5,1125.5,1125.5,0.0,0.0,0.0,24.185,1120.26,1131.4159,46.5379,-0.0368,1.2374,-19.0
2025-09-05-00,1135.0,1135.5,1111.5999755859375,1111.5999755859375,4.0,0.0,0.0,22.2607,1117.795,1129.5287,50.7955,-0.0124,1.2221,4.0
2025-09-08-00,1121.5,1139.4000244140625,1121.5,1139.4000244140625,2.0,0.0,0.0,22.5281,1118.105,1130.4688,53.3911,0.025,1.2526,18.0
2025-09-09-00,1124.699951171875,1124.699951171875,1124.699951171875,1124.699951171875,0.0,0.0,0.0,21.3695,1116.87,1129.9194,54.3954,-0.0129,1.2365,22.8999
2025-09-10-00,1195.5,1196.5,1194.300048828125,1194.300048828125,18.0,0.0,0.0,27.4029,1120.025,1136.0509,62.956,0.0619,1.313,83.1001
2025-09-11-00,1198.5,1219.5999755859375,1198.5,1219.5999755859375,28.0,0.0,0.0,35.3154,1124.95,1144.0079,66.7646,0.0212,1.3408,114.1
2025-09-12-00,1212.5,1244.0,1212.5,1229.300048828125,49.0,0.0,0.0,42.2047,1129.19,1152.131,65.9337,0.008,1.3515,105.8
2025-09-15-00,1204.0,1204.0,1204.0,1204.0,1.0,0.0,0.0,45.02,1134.01,1157.0709,68.1295,-0.0206,1.3237,116.5
2025-09-16-00,1179.9000244140625,1179.9000244140625,1179.9000244140625,1179.9000244140625,0.0,0.0,0.0,46.0463,1136.935,1159.2451,63.9871,-0.02,1.2972,95.7001
2025-09-17-00,1154.4000244140625,1154.4000244140625,1154.4000244140625,1154.4000244140625,9.0,0.0,0.0,45.432,1139.565,1158.7837,59.9069,-0.0216,1.2691,72.4
2025-09-18-00,1168.0,1168.0,1168.0,1168.0,14.0,0.0,0.0,45.3408,1142.405,1159.6614,58.8945,0.0118,1.2841,63.4
2025-09-19-00,1150.800048828125,1150.800048828125,1150.800048828125,1150.800048828125,0.0,0.0,0.0,44.5243,1144.67,1158.8175,56.1126,-0.0147,1.2652,45.6001
2025-09-22-00,1155.0,1193.699951171875,1155.0,1193.699951171875,1.0,0.0,0.0,45.5234,1148.18,1162.1396,57.4474,0.0373,1.3123,57.2999
2025-09-23-00,1232.300048828125,1232.300048828125,1232.300048828125,1232.300048828125,0.0,0.0,0.0,46.8598,1155.42,1168.8216,58.1544,0.0323,1.3548,63.8
2025-09-24-00,1221.4000244140625,1221.4000244140625,1221.4000244140625,1221.4000244140625,3.0,0.0,0.0,45.918,1162.28,1173.829,63.3528,-0.0088,1.3428,95.9
2025-09-25-00,1264.4000244140625,1264.4000244140625,1264.4000244140625,1264.4000244140625,2.0,0.0,0.0,47.229,1171.4,1182.4548,69.6806,0.0352,1.3901,152.8
2025-09-26-00,1291.4000244140625,1291.4000244140625,1291.4000244140625,1291.4000244140625,66.0,0.0,0.0,51.5925,1180.74,1192.8306,69.618,0.0214,1.4197,152.0
2025-09-29-00,1298.0,1301.5,1265.699951171875,1265.699951171875,100.0,0.0,0.0,51.7066,1188.765,1199.7705,67.6958,-0.0199,1.3915,141.0
2025-09-30-00,1263.5,1263.5,1263.5,1263.5,15.0,0.0,0.0,52.7324,1195.12,1205.84,60.4532,-0.0017,1.3891,69.2
2025-10-01-00,1250.5,1250.5,1250.5,1250.5,29.0,0.0,0.0,53.732,1199.22,1210.0933,54.8478,-0.0103,1.3748,30.9
2025-10-02-00,1239.800048828125,1239.800048828125,1239.800048828125,1239.800048828125,5.0,0.0,0.0,51.511,1204.935,1212.9225,51.6422,-0.0086,1.363,10.5
2025-10-03-00,1278.5,1278.5,1272.5,1273.0,37.0,0.0,0.0,48.6844,1213.005,1218.6442,60.5311,0.0268,1.3995,69.0
2025-10-06-00,1287.5,1326.800048828125,1280.0,1326.800048828125,29.0,0.0,0.0,51.7122,1222.375,1228.9448,70.557,0.0423,1.4587,146.9
2025-10-07-00,1329.0,1375.0,1323.0,1347.5999755859375,45.0,0.0,0.0,53.5407,1233.52,1240.2453,77.3965,0.0157,1.4815,193.2
2025-10-08-00,1413.0,1465.0,1399.0,1454.199951171875,29.0,0.0,0.0,71.9099,1246.515,1260.6219,82.114,0.0791,1.5987,286.2
2025-10-09-00,1430.5,1430.5,1430.5,1430.5,0.0,0.0,0.0,82.4467,1257.06,1276.8008,80.9334,-0.0163,1.5727,279.7
2025-10-10-00,1485.5,1493.0,1447.5999755859375,1447.5999755859375,31.0,0.0,0.0,92.4246,1267.975,1293.0674,79.7795,0.012,1.5915,253.9
2025-10-13-00,1509.4000244140625,1509.4000244140625,1509.4000244140625,1509.4000244140625,31.0,0.0,0.0,105.5895,1283.245,1313.6705,80.8231,0.0427,1.6594,277.1
2025-10-14-00,1569.4000244140625,1569.4000244140625,1559.0,1569.4000244140625,38.0,0.0,0.0,120.4056,1302.72,1338.0257,84.8977,0.0398,1.7254,348.0
2025-10-15-00,1569.0999755859375,1569.0999755859375,1569.0999755859375,1569.0999755859375,0.0,0.0,0.0,128.9254,1323.455,1360.0327,83.4174,-0.0002,1.725,304.7
2025-10-16-00,1655.0,1655.0,1655.0,1655.0,6.0,0.0,0.0,143.2169,1347.805,1388.1249,85.3147,0.0547,1.8195,363.6
2025-10-17-00,1499.199951171875,1499.199951171875,1499.199951171875,1499.199951171875,2.0,0.0,0.0,139.1234,1365.225,1398.7034,68.1036,-0.0941,1.6482,233.5
2025-10-20-00,1514.800048828125,1514.800048828125,1514.800048828125,1514.800048828125,0.0,0.0,0.0,136.7956,1381.28,1409.7603,69.087,0.0104,1.6653,251.3
2025-10-21-00,1412.5999755859375,1412.5999755859375,1412.5999755859375,1412.5999755859375,0.0,0.0,0.0,132.329,1390.295,1410.0307,60.8428,-0.0675,1.553,162.1
2025-10-22-00,1439.699951171875,1439.699951171875,1439.699951171875,1439.699951171875,10.0,0.0,0.0,126.5412,1401.21,1412.8563,63.0842,0.0192,1.5828,199.8999
2025-10-23-00,1470.9000244140625,1470.9000244140625,1470.9000244140625,1470.9000244140625,0.0,0.0,0.0,123.1705,1411.535,1418.3843,62.9873,0.0217,1.6171,197.9
2025-10-24-00,1463.5999755859375,1463.5999755859375,1463.5999755859375,1463.5999755859375,0.0,0.0,0.0,120.3163,1420.145,1422.6906,59.5611,-0.005,1.6091,136.7999
2025-10-27-00,1415.9000244140625,1415.9000244140625,1415.9000244140625,1415.9000244140625,0.0,0.0,0.0,114.7264,1427.655,1422.0439,54.6006,-0.0326,1.5566,68.3
2025-10-28-00,1402.699951171875,1402.699951171875,1402.699951171875,1402.699951171875,0.0,0.0,0.0,108.2852,1434.615,1420.2016,46.0317,-0.0093,1.5421,-51.5
2025-10-29-00,1429.5,1429.5,1429.5,1429.5,9.0,0.0,0.0,99.2906,1443.565,1421.0871,49.9233,0.0191,1.5716,-1.0
2025-10-30-00,1452.5,1461.5,1452.5,1461.5,22.0,0.0,0.0,86.9536,1454.65,1424.936,51.0421,0.0224,1.6068,13.9
2025-10-31-00,1473.0,1473.0,1444.699951171875,1444.699951171875,17.0,0.0,0.0,75.8412,1463.235,1426.8183,44.7982,-0.0115,1.5883,-64.7001
2025-11-03-00,1446.9000244140625,1446.9000244140625,1446.9000244140625,1446.9000244140625,0.0,0.0,0.0,68.9076,1469.24,1428.7308,39.142,0.0015,1.5907,-122.5
2025-11-04-00,1412.9000244140625,1412.9000244140625,1412.9000244140625,1412.9000244140625,0.0,0.0,0.0,64.2289,1472.505,1427.2231,36.9354,-0.0235,1.5533,-156.2
2025-11-05-00,1442.4000244140625,1442.4000244140625,1442.4000244140625,1442.4000244140625,11.0,0.0,0.0,64.4597,1471.915,1428.6685,30.3657,0.0209,1.5858,-212.6
2025-11-06-00,1388.0999755859375,1388.0999755859375,1388.0999755859375,1388.0999755859375,0.0,0.0,0.0,66.5566,1469.795,1424.8049,37.3721,-0.0376,1.5261,-111.1
2025-11-07-00,1397.300048828125,1397.300048828125,1397.300048828125,1397.300048828125,1.0,0.0,0.0,68.3652,1467.28,1422.1854,36.4475,0.0066,1.5362,-117.5
2025-11-10-00,1443.0999755859375,1443.0999755859375,1443.0999755859375,1443.0999755859375,1.0,0.0,0.0,67.8206,1463.965,1424.1772,54.044,0.0328,1.5865,30.5
2025-11-11-00,1467.5999755859375,1467.5999755859375,1467.5999755859375,1467.5999755859375,0.0,0.0,0.0,63.1504,1458.875,1428.3127,53.725,0.017,1.6135,27.9
2025-11-12-00,1499.9000244140625,1499.9000244140625,1499.9000244140625,1499.9000244140625,0.0,0.0,0.0,58.5193,1455.415,1435.1306,53.8605,0.022,1.649,29.0
2025-11-13-00,1497.0,1517.0,1470.4000244140625,1470.4000244140625,23.0,0.0,0.0,35.3569,1446.185,1438.4896,50.8547,-0.0197,1.6165,6.8
2025-11-14-00,1416.5,1425.5,1416.0,1420.699951171875,10.0,0.0,0.0,33.4687,1442.26,1436.7953,50.6003,-0.0338,1.5619,4.7999
2025-11-17-00,1413.9000244140625,1413.9000244140625,1413.9000244140625,1413.9000244140625,0.0,0.0,0.0,29.3043,1437.215,1434.6148,51.4235,-0.0048,1.5544,11.2001
2025-11-18-00,1419.4000244140625,1419.4000244140625,1419.4000244140625,1419.4000244140625,0.0,0.0,0.0,29.042,1437.555,1433.1658,48.6428,0.0039,1.5605,-10.1
2025-11-19-00,1402.0999755859375,1402.0999755859375,1402.0999755859375,1402.0999755859375,3.0,0.0,0.0,30.0937,1435.675,1430.2071,41.69,-0.0122,1.5414,-59.4
2025-11-20-00,1382.4000244140625,1382.4000244140625,1382.4000244140625,1382.4000244140625,5.0,0.0,0.0,31.1303,1431.25,1425.6541,41.3544,-0.0141,1.5198,-62.2999
2025-11-21-00,1383.5999755859375,1383.5999755859375,1383.5999755859375,1383.5999755859375,1.0,0.0,0.0,31.8854,1427.25,1421.6489,41.1912,0.0009,1.5211,-63.3
2025-11-24-00,1387.5,1403.0999755859375,1387.5,1403.0999755859375,5.0,0.0,0.0,32.2515,1426.61,1419.8824,48.5789,0.0141,1.5425,-9.8
2025-11-25-00,1402.199951171875,1402.199951171875,1402.199951171875,1402.199951171875,3953.0,0.0,0.0,32.2712,1426.585,1418.1983,43.6433,-0.0006,1.5416,-40.2001
2025-11-26-00,1400.0,1431.0,1399.0,1422.5,1097.0,0.0,0.0,32.2759,1426.235,1418.608,56.095,0.0145,1.5639,34.4
2025-11-28-00,1427.0,1468.5999755859375,1418.5,1468.5999755859375,74.0,0.0,0.0,32.7202,1426.59,1423.3691,61.172,0.0324,1.6146,71.2999
2025-12-01-00,1478.5,1478.5,1444.800048828125,1444.800048828125,68.0,0.0,0.0,32.7231,1426.595,1425.4102,50.2861,-0.0162,1.5884,1.7001
2025-12-02-00,1470.9000244140625,1470.9000244140625,1470.9000244140625,1470.9000244140625,24.0,0.0,0.0,33.9249,1427.795,1429.7425,50.5524,0.0181,1.6171,3.3
2025-12-03-00,1470.5,1476.800048828125,1470.5,1476.800048828125,32.0,0.0,0.0,35.4242,1430.99,1434.2242,45.7584,0.004,1.6236,-23.1
2025-12-04-00,1449.5,1451.9000244140625,1449.5,1451.9000244140625,19.0,0.0,0.0,35.6482,1431.465,1435.9076,46.5446,-0.0169,1.5962,-18.5
2025-12-05-00,1472.0,1479.0,1469.0,1472.4000244140625,29.0,0.0,0.0,35.2322,1435.68,1439.3831,60.8386,0.0141,1.6187,51.7001
2025-12-08-00,1495.5,1500.0,1483.5999755859375,1483.5999755859375,26.0,0.0,0.0,35.5674,1439.995,1443.5942,64.3475,0.0076,1.631,69.7
2025-12-09-00,1511.4000244140625,1511.4000244140625,1511.4000244140625,1511.4000244140625,0.0,0.0,0.0,38.995,1443.41,1450.0519,67.3454,0.0187,1.6616,92.0
2025-12-10-00,1458.300048828125,1458.300048828125,1458.300048828125,1458.300048828125,1.0,0.0,0.0,38.746,1442.945,1450.8375,59.3356,-0.0351,1.6032,56.2001
2025-12-11-00,1494.0,1512.699951171875,1494.0,1512.699951171875,1.0,0.0,0.0,39.827,1443.585,1456.7291,69.4072,0.0373,1.663,130.2999
2025-12-12-00,1555.5,1555.5,1514.199951171875,1514.199951171875,10.0,0.0,0.0,42.494,1445.775,1462.2025,69.4345,0.001,1.6647,130.6
2025-12-15-00,1592.800048828125,1592.800048828125,1592.800048828125,1592.800048828125,1.0,0.0,0.0,53.2204,1454.38,1474.6404,74.0066,0.0519,1.7511,189.7001
2025-12-16-00,1626.5999755859375,1626.5999755859375,1626.5999755859375,1626.5999755859375,0.0,0.0,0.0,64.7159,1465.015,1489.1127,76.215,0.0212,1.7883,224.4
2025-12-17-00,1655.5,1684.199951171875,1646.0,1684.199951171875,29.0,0.0,0.0,80.1414,1478.255,1507.6925,78.1216,0.0354,1.8516,261.7
2025-12-18-00,1728.5,1747.5,1723.0,1737.9000244140625,32.0,0.0,0.0,96.7928,1495.045,1529.617,78.4733,0.0319,1.9106,269.3
2025-12-19-00,1749.0,1749.0,1725.0,1749.0,11.0,0.0,0.0,108.3592,1513.375,1550.5106,83.0508,0.0064,1.9228,304.2
2025-12-22-00,1815.0,1818.0,1793.4000244140625,1793.4000244140625,13.0,0.0,0.0,120.5837,1533.865,1573.6429,83.6991,0.0254,1.9716,322.5
2025-12-23-00,1855.0,1925.5,1855.0,1918.5999755859375,25.0,0.0,0.0,143.9851,1559.64,1606.496,86.9522,0.0698,2.1093,441.7999
2025-12-24-00,1766.300048828125,1766.300048828125,1766.300048828125,1766.300048828125,0.0,0.0,0.0,146.0345,1577.845,1621.7154,71.6768,-0.0794,1.9418,314.4
2025-12-26-00,1984.699951171875,1984.699951171875,1984.699951171875,1984.699951171875,0.0,0.0,0.0,167.1417,1605.955,1656.2854,77.7489,0.1236,2.1819,512.2999
2025-12-29-00,1648.300048828125,1648.300048828125,1648.300048828125,1648.300048828125,65.0,0.0,0.0,164.173,1614.94,1655.5249,56.597,-0.1695,1.8121,164.7001
2025-12-30-00,1650.5,1706.699951171875,1650.5,1706.699951171875,33.0,0.0,0.0,160.2868,1628.035,1660.3987,57.6355,0.0354,1.8763,195.2999
2025-12-31-00,1629.199951171875,1629.199951171875,1629.199951171875,1629.199951171875,0.0,0.0,0.0,155.9694,1635.95,1657.4274,56.5564,-0.0454,1.7911,170.8999
2026-01-02-00,1668.0,1668.0,1668.0,1668.0,0.0,0.0,0.0,151.4966,1645.51,1658.4343,56.0301,0.0238,1.8338,155.3
2026-01-05-00,1700.0,1768.5,1680.0,1742.199951171875,21.0,0.0,0.0,145.769,1660.025,1666.412,58.3799,0.0445,1.9153,228.0
2026-01-06-00,1893.5,1917.5,1811.5,1836.5,1308.0,0.0,0.0,143.8265,1678.23,1682.6108,58.8547,0.0541,2.019,243.7
