datetime,open,high,low,close,volume,dividends,stock_splits,volatility,SMA_20,EMA_20,RSI,daily_return,cumulative_return,momentum
2025-10-09-00,1430.5,1430.5,1430.5,1430.5,0.0,0.0,0.0,0.0,0.0,1430.5,0.0,0.0,0.0,0.0
2025-10-10-00,1485.5,1493.0,1447.5999755859375,1447.5999755859375,31.0,0.0,0.0,0.0,0.0,1432.1286,0.0,0.012,1.012,0.0
2025-10-13-00,1509.4000244140625,1509.4000244140625,1509.4000244140625,1509.4000244140625,31.0,0.0,0.0,0.0,0.0,1439.4878,0.0,0.0427,1.0552,0.0
2025-10-14-00,1569.4000244140625,1569.4000244140625,1559.0,1569.4000244140625,38.0,0.0,0.0,0.0,0.0,1451.8604,0.0,0.0398,1.0971,0.0
2025-10-15-00,1569.0999755859375,1569.0999755859375,1569.0999755859375,1569.0999755859375,0.0,0.0,0.0,0.0,0.0,1463.026,0.0,-0.0002,1.0969,0.0
2025-10-16-00,1655.0,1655.0,1655.0,1655.0,6.0,0.0,0.0,0.0,0.0,1481.3093,0.0,0.0547,1.1569,0.0
2025-10-17-00,1499.199951171875,1499.199951171875,1499.199951171875,1499.199951171875,2.0,0.0,0.0,0.0,0.0,1483.0131,0.0,-0.0941,1.048,0.0
2025-10-20-00,1514.800048828125,1514.800048828125,1514.800048828125,1514.800048828125,0.0,0.0,0.0,0.0,0.0,1486.0405,0.0,0.0104,1.0589,0.0
2025-10-21-00,1412.5999755859375,1412.5999755859375,1412.5999755859375,1412.5999755859375,0.0,0.0,0.0,0.0,0.0,1479.0461,0.0,-0.0675,0.9875,0.0
2025-10-22-00,1439.699951171875,1439.699951171875,1439.699951171875,1439.699951171875,10.0,0.0,0.0,0.0,0.0,1475.2989,0.0,0.0192,1.0064,0.0
2025-10-23-00,1470.9000244140625,1470.9000244140625,1470.9000244140625,1470.9000244140625,0.0,0.0,0.0,0.0,0.0,1474.8799,0.0,0.0217,1.0282,0.0
2025-10-24-00,1463.5999755859375,1463.5999755859375,1463.5999755859375,1463.5999755859375,0.0,0.0,0.0,0.0,0.0,1473.8057,0.0,-0.005,1.0231,0.0
2025-10-27-00,1415.9000244140625,1415.9000244140625,1415.9000244140625,1415.9000244140625,0.0,0.0,0.0,0.0,0.0,1468.2908,0.0,-0.0326,0.9898,0.0
2025-10-28-00,1402.699951171875,1402.699951171875,1402.699951171875,1402.699951171875,0.0,0.0,0.0,0.0,0.0,1462.0441,47.7767,-0.0093,0.9806,0.0
2025-10-29-00,1429.5,1429.5,1429.5,1429.5,9.0,0.0,0.0,0.0,0.0,1458.9446,49.9233,0.0191,0.9993,-1.0
2025-10-30-00,1452.5,1461.5,1452.5,1461.5,22.0,0.0,0.0,0.0,0.0,1459.188,51.0421,0.0224,1.0217,13.9
2025-10-31-00,1473.0,1473.0,1444.699951171875,1444.699951171875,17.0,0.0,0.0,0.0,0.0,1457.8082,44.7982,-0.0115,1.0099,-64.7001
2025-11-03-00,1446.9000244140625,1446.9000244140625,1446.9000244140625,1446.9000244140625,0.0,0.0,0.0,0.0,0.0,1456.7693,39.142,0.0015,1.0115,-122.5
2025-11-04-00,1412.9000244140625,1412.9000244140625,1412.9000244140625,1412.9000244140625,0.0,0.0,0.0,0.0,0.0,1452.5913,36.9354,-0.0235,0.9877,-156.2
2025-11-05-00,1442.4000244140625,1442.4000244140625,1442.4000244140625,1442.4000244140625,11.0,0.0,0.0,64.4597,1471.915,1451.6207,30.3657,0.0209,1.0083,-212.6
2025-11-06-00,1388.0999755859375,1388.0999755859375,1388.0999755859375,1388.0999755859375,0.0,0.0,0.0,66.5566,1469.795,1445.5711,37.3721,-0.0376,0.9704,-111.1
2025-11-07-00,1397.300048828125,1397.300048828125,1397.300048828125,1397.300048828125,1.0,0.0,0.0,68.3652,1467.28,1440.9739,36.4475,0.0066,0.9768,-117.5
2025-11-10-00,1443.0999755859375,1443.0999755859375,1443.0999755859375,1443.0999755859375,1.0,0.0,0.0,67.8206,1463.965,1441.1763,54.044,0.0328,1.0088,30.5
2025-11-11-00,1467.5999755859375,1467.5999755859375,1467.5999755859375,1467.5999755859375,0.0,0.0,0.0,63.1504,1458.875,1443.6929,53.725,0.017,1.0259,27.9
2025-11-12-00,1499.9000244140625,1499.9000244140625,1499.9000244140625,1499.9000244140625,0.0,0.0,0.0,58.5193,1455.415,1449.0459,53.8605,0.022,1.0485,29.0
2025-11-13-00,1497.0,1517.0,1470.4000244140625,1470.4000244140625,23.0,0.0,0.0,35.3569,1446.185,1451.0797,50.8547,-0.0197,1.0279,6.8
2025-11-14-00,1416.5,1425.5,1416.0,1420.699951171875,10.0,0.0,0.0,33.4687,1442.26,1448.1864,50.6003,-0.0338,0.9931,4.7999
2025-11-17-00,1413.9000244140625,1413.9000244140625,1413.9000244140625,1413.9000244140625,0.0,0.0,0.0,29.3043,1437.215,1444.921,51.4235,-0.0048,0.9884,11.2001
2025-11-18-00,1419.4000244140625,1419.4000244140625,1419.4000244140625,1419.4000244140625,0.0,0.0,0.0,29.042,1437.555,1442.4904,48.6428,0.0039,0.9922,-10.1
2025-11-19-00,1402.0999755859375,1402.0999755859375,1402.0999755859375,1402.0999755859375,3.0,0.0,0.0,30.0937,1435.675,1438.6437,41.69,-0.0122,0.9801,-59.4
2025-11-20-00,1382.4000244140625,1382.4000244140625,1382.4000244140625,1382.4000244140625,5.0,0.0,0.0,31.1303,1431.25,1433.2872,41.3544,-0.0141,0.9664,-62.2999
2025-11-21-00,1383.5999755859375,1383.5999755859375,1383.5999755859375,1383.5999755859375,1.0,0.0,0.0,31.8854,1427.25,1428.5551,41.1912,0.0009,0.9672,-63.3
2025-11-24-00,1387.5,1403.0999755859375,1387.5,1403.0999755859375,5.0,0.0,0.0,32.2515,1426.61,1426.1308,48.5789,0.0141,0.9808,-9.8
2025-11-25-00,1402.199951171875,1402.199951171875,1402.199951171875,1402.199951171875,3953.0,0.0,0.0,32.2712,1426.585,1423.8516,43.6433,-0.0006,0.9802,-40.2001
2025-11-26-00,1400.0,1431.0,1399.0,1422.5,1097.0,0.0,0.0,32.2759,1426.235,1423.7229,56.095,0.0145,0.9944,34.4
2025-11-28-00,1427.0,1468.5999755859375,1418.5,1468.5999755859375,74.0,0.0,0.0,32.7202,1426.59,1427.9969,61.172,0.0324,1.0266,71.2999
2025-12-01-00,1478.5,1478.5,1444.800048828125,1444.800048828125,68.0,0.0,0.0,32.7231,1426.595,1429.5972,50.2861,-0.0162,1.01,1.7001
2025-12-02-00,1470.9000244140625,1470.9000244140625,1470.9000244140625,1470.9000244140625,24.0,0.0,0.0,33.9249,1427.795,1433.5308,50.5524,0.0181,1.0282,3.3
2025-12-03-00,1470.5,1476.800048828125,1470.5,1476.800048828125,32.0,0.0,0.0,35.4242,1430.99,1437.6517,45.7584,0.004,1.0324,-23.1
2025-12-04-00,1449.5,1451.9000244140625,1449.5,1451.9000244140625,19.0,0.0,0.0,35.6482,1431.465,1439.0087,46.5446,-0.0169,1.015,-18.5
2025-12-05-00,1472.0,1479.0,1469.0,1472.4000244140625,29.0,0.0,0.0,35.2322,1435.68,1442.1888,60.8386,0.0141,1.0293,51.7001
2025-12-08-00,1495.5,1500.0,1483.5999755859375,1483.5999755859375,26.0,0.0,0.0,35.5674,1439.995,1446.1327,64.3475,0.0076,1.0371,69.7
2025-12-09-00,1511.4000244140625,1511.4000244140625,1511.4000244140625,1511.4000244140625,0.0,0.0,0.0,38.995,1443.41,1452.3487,67.3454,0.0187,1.0566,92.0
2025-12-10-00,1458.300048828125,1458.300048828125,1458.300048828125,1458.300048828125,1.0,0.0,0.0,38.746,1442.945,1452.9155,59.3356,-0.0351,1.0194,56.2001
2025-12-11-00,1494.0,1512.699951171875,1494.0,1512.699951171875,1.0,0.0,0.0,39.827,1443.585,1458.6092,69.4072,0.0373,1.0575,130.2999
2025-12-12-00,1555.5,1555.5,1514.199951171875,1514.199951171875,10.0,0.0,0.0,42.494,1445.775,1463.9036,69.4345,0.001,1.0585,130.6
2025-12-15-00,1592.800048828125,1592.800048828125,1592.800048828125,1592.800048828125,1.0,0.0,0.0,53.2204,1454.38,1476.1794,74.0066,0.0519,1.1135,189.7001
2025-12-16-00,1626.5999755859375,1626.5999755859375,1626.5999755859375,1626.5999755859375,0.0,0.0,0.0,64.7159,1465.015,1490.5052,76.215,0.0212,1.1371,224.4
2025-12-17-00,1655.5,1684.199951171875,1646.0,1684.199951171875,29.0,0.0,0.0,80.1414,1478.255,1508.9523,78.1216,0.0354,1.1774,261.7
2025-12-18-00,1728.5,1747.5,1723.0,1737.9000244140625,32.0,0.0,0.0,96.7928,1495.045,1530.7569,78.4733,0.0319,1.2149,269.3
2025-12-19-00,1749.0,1749.0,1725.0,1749.0,11.0,0.0,0.0,108.3592,1513.375,1551.5419,83.0508,0.0064,1.2226,304.2
2025-12-22-00,1815.0,1818.0,1793.4000244140625,1793.4000244140625,13.0,0.0,0.0,120.5837,1533.865,1574.576,83.6991,0.0254,1.2537,322.5
2025-12-23-00,1855.0,1925.5,1855.0,1918.5999755859375,25.0,0.0,0.0,143.9851,1559.64,1607.3402,86.9522,0.0698,1.3412,441.7999
2025-12-24-00,1766.300048828125,1766.300048828125,1766.300048828125,1766.300048828125,0.0,0.0,0.0,146.0345,1577.845,1622.4792,71.6768,-0.0794,1.2347,314.4
2025-12-26-00,1984.699951171875,1984.699951171875,1984.699951171875,1984.699951171875,0.0,0.0,0.0,167.1417,1605.955,1656.9765,77.7489,0.1236,1.3874,512.2999
2025-12-29-00,1648.300048828125,1648.300048828125,1648.300048828125,1648.300048828125,65.0,0.0,0.0,164.173,1614.94,1656.1501,56.597,-0.1695,1.1523,164.7001
2025-12-30-00,1650.5,1706.699951171875,1650.5,1706.699951171875,33.0,0.0,0.0,160.2868,1628.035,1660.9644,57.6355,0.0354,1.1931,195.2999
2025-12-31-00,1629.199951171875,1629.199951171875,1629.199951171875,1629.199951171875,0.0,0.0,0.0,155.9694,1635.95,1657.9392,56.5564,-0.0454,1.1389,170.8999
2026-01-02-00,1668.0,1668.0,1668.0,1668.0,0.0,0.0,0.0,151.4966,1645.51,1658.8974,56.0301,0.0238,1.166,155.3
2026-01-05-00,1700.0,1768.5,1680.0,1742.199951171875,21.0,0.0,0.0,145.769,1660.025,1666.831,58.3799,0.0445,1.2179,228.0
2026-01-06-00,1865.5999755859375,1865.5999755859375,1865.5999755859375,1865.5999755859375,0.0,0.0,0.0,145.6476,1679.685,1685.7613,59.7068,0.0708,1.3042,272.7999
2026-01-07-00,1767.199951171875,1767.199951171875,1767.199951171875,1767.199951171875,0.0,0.0,0.0,139.2157,1693.865,1693.5174,54.783,-0.0527,1.2354,140.6
2026-01-08-00,1781.0999755859375,1781.0999755859375,1781.0999755859375,1781.0999755859375,0.0,0.0,0.0,133.5583,1707.35,1701.8586,53.3974,0.0079,1.2451,96.9
2026-01-09-00,1853.0,1853.0,1853.0,1853.0,0.0,0.0,0.0,123.6117,1727.085,1716.253,53.9846,0.0404,1.2954,115.1
2026-01-12-00,1921.300048828125,1921.300048828125,1921.300048828125,1921.300048828125,0.0,0.0,0.0,120.0281,1747.515,1735.7813,55.7376,0.0369,1.3431,172.3
2026-01-13-00,1900.4000244140625,1900.4000244140625,1900.4000244140625,1900.4000244140625,0.0,0.0,0.0,111.2628,1766.825,1751.4593,53.6198,-0.0109,1.3285,107.0
2026-01-14-00,1886.9000244140625,1886.9000244140625,1886.9000244140625,1886.9000244140625,0.0,0.0,0.0,106.38,1781.53,1764.3584,48.8399,-0.0071,1.319,-31.7
2026-01-15-00,1859.0,1859.0,1859.0,1859.0,28.0,0.0,0.0,101.1292,1793.15,1773.3719,53.7322,-0.0148,1.2995,92.7
2026-01-16-00,1805.199951171875,1805.199951171875,1805.199951171875,1805.199951171875,5.0,0.0,0.0,97.8339,1799.2,1776.4031,41.669,-0.0289,1.2619,-179.5
2026-01-20-00,1890.9000244140625,1890.9000244140625,1890.9000244140625,1890.9000244140625,28.0,0.0,0.0,98.7658,1806.85,1787.3076,64.6746,0.0475,1.3218,242.6
2026-01-21-00,1865.199951171875,1865.199951171875,1865.199951171875,1865.199951171875,5.0,0.0,0.0,98.6012,1812.66,1794.7259,59.9824,-0.0136,1.3039,158.5
2026-01-22-00,1910.300048828125,1910.300048828125,1910.300048828125,1910.300048828125,7.0,0.0,0.0,100.8389,1818.505,1805.733,68.457,0.0242,1.3354,281.1001
2026-01-23-00,2010.0,2033.5,2010.0,2010.0,16.0,0.0,0.0,107.4672,1823.075,1825.187,70.7928,0.0522,1.4051,342.0
2026-01-26-00,2064.5,2169.89990234375,2064.5,2169.89990234375,24.0,0.0,0.0,131.4603,1843.255,1858.0168,73.5492,0.0796,1.5169,427.7
2026-01-27-00,1861.800048828125,1861.800048828125,1861.800048828125,1861.800048828125,0.0,0.0,0.0,127.3074,1837.11,1858.3771,49.8261,-0.142,1.3015,-3.7999
2026-01-28-00,2025.4000244140625,2025.4000244140625,2025.4000244140625,2025.4000244140625,34.0,0.0,0.0,125.788,1855.965,1874.284,61.1485,0.0879,1.4159,258.2001
2026-01-29-00,2150.0,2150.0,2000.5999755859375,2000.5999755859375,11.0,0.0,0.0,124.5942,1870.66,1886.3141,59.3892,-0.0122,1.3985,219.5
2026-01-30-00,1826.0,1832.0,1688.300048828125,1688.300048828125,15.0,0.0,0.0,119.1478,1873.615,1867.4556,44.1567,-0.1561,1.1802,-164.7
2026-02-02-00,1643.5,1689.9000244140625,1625.0,1689.9000244140625,40.0,0.0,0.0,117.2442,1874.71,1850.5456,41.3824,0.0009,1.1813,-231.4
2026-02-03-00,1746.0999755859375,1746.0999755859375,1746.0999755859375,1746.0999755859375,0.0,0.0,0.0,117.0152,1874.905,1840.5984,44.4009,0.0333,1.2206,-154.3
2026-02-04-00,1726.199951171875,1726.199951171875,1726.199951171875,1726.199951171875,0.0,0.0,0.0,121.6582,1867.935,1829.7033,44.1956,-0.0114,1.2067,-160.7001
2026-02-05-00,1688.9000244140625,1688.9000244140625,1688.9000244140625,1688.9000244140625,0.0,0.0,0.0,126.2439,1864.02,1816.2935,43.8975,-0.0216,1.1806,-170.1
2026-02-06-00,1549.5,1732.699951171875,1549.5,1732.699951171875,19.0,0.0,0.0,128.3632,1861.6,1808.3322,47.3802,0.0259,1.2113,-72.5
2026-02-09-00,1737.0999755859375,1737.0999755859375,1737.0999755859375,1737.0999755859375,0.0,0.0,0.0,131.3532,1855.805,1801.5482,44.0955,0.0025,1.2143,-153.8
2026-02-10-00,1722.699951171875,1722.699951171875,1722.699951171875,1722.699951171875,0.0,0.0,0.0,133.6285,1845.875,1794.0388,44.4814,-0.0083,1.2043,-142.5
2026-02-11-00,1735.300048828125,1735.300048828125,1735.300048828125,1735.300048828125,0.0,0.0,0.0,135.1735,1837.62,1788.4446,43.0478,0.0073,1.2131,-175.0
2026-02-12-00,1650.300048828125,1650.300048828125,1650.300048828125,1650.300048828125,0.0,0.0,0.0,140.8671,1825.79,1775.288,35.5414,-0.049,1.1537,-359.7
2026-02-13-00,1697.5,1732.0,1697.5,1697.5,14.0,0.0,0.0,143.468,1817.715,1767.8796,29.1195,0.0286,1.1866,-472.3999
2026-02-17-00,1675.199951171875,1675.199951171875,1675.199951171875,1675.199951171875,7.0,0.0,0.0,146.9671,1811.215,1759.053,38.9638,-0.0131,1.1711,-186.6001
2026-02-18-00,1751.300048828125,1751.300048828125,1751.300048828125,1751.300048828125,0.0,0.0,0.0,146.2969,1804.235,1758.3146,31.9171,0.0454,1.2243,-274.1
2026-02-19-00,1690.4000244140625,1690.4000244140625,1690.4000244140625,1690.4000244140625,0.0,0.0,0.0,147.678,1795.495,1751.8466,30.466,-0.0348,1.1817,-310.2
2026-02-20-00,1774.199951171875,1774.199951171875,1774.199951171875,1774.199951171875,2.0,0.0,0.0,145.2247,1788.69,1753.9755,57.595,0.0496,1.2403,85.8999
2026-02-23-00,1772.199951171875,1772.199951171875,1772.199951171875,1772.199951171875,2.0,0.0,0.0,135.5652,1776.8,1755.7111,57.2716,-0.0011,1.2389,82.2999
2026-02-24-00,1813.5,1813.5,1813.5,1813.5,0.0,0.0,0.0,99.9075,1758.98,1761.2148,56.1162,0.0233,1.2677,67.4
2026-02-25-00,1834.0999755859375,1834.0999755859375,1834.0999755859375,1834.0999755859375,3403.0,0.0,0.0,98.5904,1757.595,1768.1563,59.7789,0.0114,1.2821,107.9
2026-02-26-00,1809.0,1812.0,1727.5,1748.5999755859375,825.0,0.0,0.0,75.8155,1743.755,1766.2938,54.9758,-0.0466,1.2224,59.7
2026-02-27-00,1774.5,1842.0,1774.5,1792.199951171875,41.0,0.0,0.0,47.8033,1733.335,1768.761,54.9608,0.0249,1.2528,59.5
2026-03-02-00,1766.5,1767.5,1757.0,1762.5999755859375,25.0,0.0,0.0,46.9996,1737.05,1768.1743,52.0403,-0.0165,1.2322,25.5
2026-03-03-00,1650.5,1650.5,1627.0,1635.0,22.0,0.0,0.0,51.3043,1734.305,1755.491,44.0591,-0.0724,1.143,-87.7
2026-03-04-00,1667.800048828125,1667.800048828125,1667.800048828125,1667.800048828125,18.0,0.0,0.0,53.3054,1730.39,1747.1395,45.5493,0.0201,1.1659,-67.5
2026-03-05-00,1660.0,1660.0,1620.199951171875,1620.199951171875,175.0,0.0,0.0,58.7368,1725.09,1735.05,47.9123,-0.0285,1.1326,-30.1001
2026-03-06-00,1631.699951171875,1631.699951171875,1631.699951171875,1631.699951171875,2.0,0.0,0.0,61.8992,1722.23,1725.2071,45.1985,0.0071,1.1407,-65.8
2026-03-09-00,1591.5,1662.199951171875,1564.0,1662.199951171875,52.0,0.0,0.0,63.2639,1718.705,1719.2064,49.0626,0.0187,1.162,-13.0
2026-03-10-00,1668.699951171875,1668.699951171875,1668.699951171875,1668.699951171875,0.0,0.0,0.0,64.061,1715.285,1714.3963,43.3793,0.0039,1.1665,-82.6001
2026-03-11-00,1624.4000244140625,1624.4000244140625,1614.5,1624.4000244140625,16.0,0.0,0.0,67.1582,1710.37,1705.8252,44.5652,-0.0265,1.1355,-66.0
2026-03-12-00,1621.9000244140625,1621.9000244140625,1621.9000244140625,1621.9000244140625,2.0,0.0,0.0,69.6823,1704.7,1697.8324,35.5201,-0.0015,1.1338,-152.2999
2026-03-13-00,1554.0999755859375,1554.0999755859375,1554.0999755859375,1554.0999755859375,0.0,0.0,0.0,76.6108,1699.89,1684.1436,31.5701,-0.0418,1.0864,-218.1
2026-03-16-00,1584.5,1584.5,1584.5,1584.5,0.0,0.0,0.0,80.8461,1694.24,1674.6537,30.2858,0.0196,1.1077,-229.0
2026-03-17-00,1614.0,1614.0,1614.0,1614.0,2.0,0.0,0.0,82.7407,1691.18,1668.8772,31.338,0.0186,1.1283,-220.1
2026-03-18-00,1517.0999755859375,1517.0999755859375,1517.0999755859375,1517.0999755859375,0.0,0.0,0.0,90.0355,1679.47,1654.4222,30.7436,-0.06,1.0605,-231.5
2026-03-19-00,1434.5999755859375,1435.0,1434.5999755859375,1434.5999755859375,9.0,0.0,0.0,105.2795,1666.68,1633.4867,22.0625,-0.0544,1.0029,-357.6
2026-03-20-00,1392.5,1424.800048828125,1387.0,1424.800048828125,2.0,0.0,0.0,115.0361,1649.21,1613.6118,22.7669,-0.0068,0.996,-337.7999
2026-03-23-00,1371.0,1411.300048828125,1371.0,1411.300048828125,4.0,0.0,0.0,122.7739,1631.165,1594.344,27.8996,-0.0095,0.9866,-223.7
2026-03-24-00,1416.0,1422.0,1405.5,1411.199951171875,8.0,0.0,0.0,124.275,1611.05,1576.9017,22.8982,-0.0001,0.9865,-256.6001
2026-03-25-00,1416.0,1416.0,1416.0,1416.0,2.0,0.0,0.0,119.8671,1590.145,1561.5778,26.2889,0.0034,0.9899,-204.2
2026-03-26-00,1341.300048828125,1341.300048828125,1341.300048828125,1341.300048828125,0.0,0.0,0.0,125.9731,1569.78,1540.5989,20.5954,-0.0528,0.9376,-290.3999
2026-03-27-00,1390.9000244140625,1390.9000244140625,1390.9000244140625,1390.9000244140625,22.0,0.0,0.0,120.5231,1549.715,1526.3419,23.5524,0.037,0.9723,-271.2999
2026-03-30-00,1413.5,1418.0,1402.5,1418.0,43.0,0.0,0.0,112.8767,1532.485,1516.0236,26.5042,0.0195,0.9913,-250.7
2026-03-31-00,1471.199951171875,1471.199951171875,1471.199951171875,1471.199951171875,0.0,0.0,0.0,110.9734,1524.295,1511.7547,35.8776,0.0375,1.0285,-153.2001
2026-04-01-00,1478.4000244140625,1478.4000244140625,1478.4000244140625,1478.4000244140625,4.0,0.0,0.0,106.0551,1514.825,1508.5781,36.8854,0.0049,1.0335,-143.5
2026-04-02-00,1491.4000244140625,1491.4000244140625,1491.4000244140625,1491.4000244140625,0.0,0.0,0.0,103.1916,1508.385,1506.9421,43.6319,0.0088,1.0426,-62.7
2026-04-06-00,1476.199951171875,1476.199951171875,1476.199951171875,1476.199951171875,0.0,0.0,0.0,99.1919,1500.61,1504.0142,38.6502,-0.0102,1.0319,-108.3
2026-04-07-00,1442.0,1442.0,1442.0,1442.0,0.0,0.0,0.0,92.2928,1489.6,1498.1081,32.1503,-0.0232,1.008,-172.0
2026-04-08-00,1586.9000244140625,1586.9000244140625,1586.9000244140625,1586.9000244140625,0.0,0.0,0.0,85.5007,1485.51,1506.5645,56.5874,0.1005,1.1093,69.8
2026-04-09-00,1553.0,1553.0,1553.0,1553.0,0.0,0.0,0.0,80.7552,1481.94,1510.9869,62.3026,-0.0214,1.0856,118.4
2026-04-10-00,1528.0999755859375,1528.0999755859375,1528.0999755859375,1528.0999755859375,3.0,0.0,0.0,74.6954,1477.25,1512.6167,60.407,-0.016,1.0682,103.2999
2026-04-13-00,1526.5,1569.800048828125,1525.0,1569.800048828125,30.0,0.0,0.0,75.6223,1478.035,1518.0628,65.1096,0.0273,1.0974,158.5
2026-04-14-00,1587.0,1587.0,1579.4000244140625,1579.4000244140625,3.0,0.0,0.0,75.2521,1477.78,1523.9044,65.7491,0.0061,1.1041,168.2001
2026-04-15-00,1578.0999755859375,1578.0999755859375,1578.0999755859375,1578.0999755859375,1.0,0.0,0.0,72.198,1475.985,1529.0659,65.278,-0.0008,1.1032,162.1
2026-04-16-00,1570.5,1570.5,1570.5,1570.5,12.0,0.0,0.0,74.7411,1478.655,1533.012,74.7302,-0.0048,1.0979,229.2
2026-04-17-00,1590.4000244140625,1590.4000244140625,1590.4000244140625,1590.4000244140625,1.0,0.0,0.0,77.9578,1486.445,1538.4775,72.9998,0.0127,1.1118,199.5
2026-04-20-00,1559.5999755859375,1559.5999755859375,1559.5999755859375,1559.5999755859375,3.0,0.0,0.0,78.1745,1493.185,1540.4892,66.1865,-0.0194,1.0902,141.6
2026-04-21-00,1531.699951171875,1531.699951171875,1531.699951171875,1531.699951171875,0.0,0.0,0.0,76.1465,1499.205,1539.6521,57.3404,-0.0179,1.0707,60.5
2026-04-22-00,1547.0999755859375,1547.0999755859375,1547.0999755859375,1547.0999755859375,0.0,0.0,0.0,73.9107,1506.0,1540.3614,58.1727,0.0101,1.0815,68.7
2026-04-23-00,1484.5999755859375,1484.5999755859375,1484.5999755859375,1484.5999755859375,3.0,0.0,0.0,71.0506,1509.43,1535.0508,49.2763,-0.0404,1.0378,-6.8
2026-04-24-00,1501.5,1501.5,1501.5,1501.5,1.0,0.0,0.0,59.1286,1517.44,1531.8555,52.6829,0.0114,1.0496,25.3
2026-04-27-00,1477.699951171875,1477.699951171875,1477.699951171875,1477.699951171875,4.0,0.0,0.0,52.1223,1521.78,1526.6978,53.8712,-0.0159,1.033,35.7
2026-04-28-00,1461.0999755859375,1461.0999755859375,1461.0999755859375,1461.0999755859375,4.0,0.0,0.0,48.3609,1523.935,1520.4504,31.0998,-0.0112,1.0214,-125.8
2026-04-29-00,1461.800048828125,1461.800048828125,1461.800048828125,1461.800048828125,14.0,0.0,0.0,48.9426,1523.465,1514.8647,34.7797,0.0005,1.0219,-91.2
2026-04-30-00,1526.4000244140625,1526.4000244140625,1526.4000244140625,1526.4000244140625,0.0,0.0,0.0,47.7795,1525.865,1515.9633,49.7495,0.0442,1.067,-1.7
2026-05-01-00,1539.199951171875,1539.199951171875,1539.199951171875,1539.199951171875,0.0,0.0,0.0,47.1562,1528.255,1518.1763,45.0709,0.0084,1.076,-30.6001
2026-05-04-00,1494.0,1494.0,1474.699951171875,1474.699951171875,1.0,0.0,0.0,47.2444,1528.18,1514.0357,35.6693,-0.0419,1.0309,-104.7001
2026-05-05-00,1505.0,1507.0999755859375,1505.0,1507.0999755859375,1.0,0.0,0.0,43.0509,1531.435,1513.3751,41.0444,0.022,1.0535,-71.0
2026-05-06-00,1546.0,1546.0,1546.0,1546.0,0.0,0.0,0.0,41.2095,1529.39,1516.4823,47.1358,0.0258,1.0807,-24.5
2026-05-07-00,1517.800048828125,1517.800048828125,1491.0,1517.800048828125,4.0,0.0,0.0,40.8986,1527.63,1516.6078,41.6743,-0.0182,1.061,-72.6
2026-05-08-00,1482.5999755859375,1482.5999755859375,1482.5999755859375,1482.5999755859375,2.0,0.0,0.0,42.1184,1525.355,1513.3689,41.258,-0.0232,1.0364,-77.0
2026-05-11-00,1513.800048828125,1513.800048828125,1513.800048828125,1513.800048828125,1.0,0.0,0.0,40.8505,1522.555,1513.41,47.9829,0.021,1.0582,-17.8999
2026-05-12-00,1485.699951171875,1485.699951171875,1485.699951171875,1485.699951171875,0.0,0.0,0.0,39.3329,1517.87,1510.7709,43.2734,-0.0186,1.0386,-61.4
2026-05-13-00,1531.0,1531.0,1531.0,1531.0,1.0,0.0,0.0,36.8699,1515.515,1512.6975,55.2823,0.0305,1.0703,46.4
2026-05-14-00,1456.5999755859375,1456.5999755859375,1456.5999755859375,1456.5999755859375,0.0,0.0,0.0,36.7261,1509.82,1507.3549,45.4802,-0.0486,1.0182,-44.9
2026-05-15-00,1422.9000244140625,1422.9000244140625,1422.9000244140625,1422.9000244140625,2.0,0.0,0.0,36.481,1501.445,1499.3116,44.5914,-0.0231,0.9947,-54.7999
2026-05-18-00,1417.800048828125,1417.800048828125,1417.800048828125,1417.800048828125,1.0,0.0,0.0,38.3169,1494.355,1491.5486,45.6272,-0.0036,0.9911,-43.2999
2026-05-19-00,1360.199951171875,1360.199951171875,1360.199951171875,1360.199951171875,0.0,0.0,0.0,47.5881,1485.78,1479.0392,40.7971,-0.0406,0.9509,-101.6001
2026-05-20-00,1373.800048828125,1373.800048828125,1373.800048828125,1373.800048828125,0.0,0.0,0.0,51.4554,1477.115,1469.0164,34.7705,0.01,0.9604,-152.6
2026-05-21-00,1383.4000244140625,1383.4000244140625,1383.4000244140625,1383.4000244140625,0.0,0.0,0.0,55.4977,1472.055,1460.8625,34.3512,0.007,0.9671,-155.7999
2026-05-22-00,1358.0,1358.0,1358.0,1358.0,0.0,0.0,0.0,60.5379,1464.88,1451.066,37.2793,-0.0184,0.9493,-116.7
2026-05-26-00,1388.0,1393.0,1385.800048828125,1385.800048828125,21.0,0.0,0.0,62.9532,1460.285,1444.8502,36.6439,0.0205,0.9688,-121.2999
2026-05-27-00,1395.5999755859375,1395.5999755859375,1395.5999755859375,1395.5999755859375,2734.0,0.0,0.0,64.591,1457.01,1440.1597,32.3059,0.0071,0.9756,-150.4
2026-05-28-00,1391.0,1402.0,1337.5,1377.5999755859375,378.0,0.0,0.0,66.9628,1452.8,1434.2017,33.1003,-0.0129,0.963,-140.2001
2026-05-29-00,1380.0,1380.0,1341.5,1361.0,43.0,0.0,0.0,67.6052,1444.53,1427.2301,34.6542,-0.012,0.9514,-121.6
2026-06-01-00,1353.5,1368.5,1339.0,1360.5,26.0,0.0,0.0,66.2296,1435.595,1420.8748,29.0287,-0.0004,0.9511,-153.3
2026-06-02-00,1386.5,1386.5,1368.5,1373.0999755859375,14.0,0.0,0.0,66.9647,1430.515,1416.3248,33.9143,0.0093,0.9599,-112.6
2026-06-03-00,1372.0,1372.0,1314.0,1317.0999755859375,133.0,0.0,0.0,68.9751,1421.015,1406.8749,20.3493,-0.0408,0.9207,-213.9
2026-06-04-00,1318.800048828125,1318.800048828125,1318.800048828125,1318.800048828125,1.0,0.0,0.0,65.9503,1409.655,1398.4868,26.0764,0.0013,0.9219,-137.7999
2026-06-05-00,1286.0,1287.0,1234.5,1247.0999755859375,31.0,0.0,0.0,70.2268,1396.12,1384.069,23.0368,-0.0544,0.8718,-175.8
2026-06-08-00,1202.5,1210.0,1200.9000244140625,1200.9000244140625,21.0,0.0,0.0,79.5939,1382.035,1366.6243,20.4577,-0.037,0.8395,-216.9
2026-06-09-00,1213.5999755859375,1213.5999755859375,1213.5999755859375,1213.5999755859375,0.0,0.0,0.0,81.7155,1367.025,1352.0506,27.2502,0.0106,0.8484,-146.6
2026-06-10-00,1230.800048828125,1230.800048828125,1230.800048828125,1230.800048828125,3.0,0.0,0.0,82.109,1354.28,1340.5029,28.054,0.0142,0.8604,-143.0
2026-06-11-00,1234.5999755859375,1234.5999755859375,1234.5999755859375,1234.5999755859375,1.0,0.0,0.0,74.9724,1339.46,1330.4169,26.75,0.0031,0.8631,-148.8
2026-06-12-00,1276.199951171875,1276.199951171875,1276.199951171875,1276.199951171875,0.0,0.0,0.0,70.8777,1330.44,1325.2534,37.8346,0.0337,0.8921,-81.8
2026-06-15-00,1346.800048828125,1346.800048828125,1346.800048828125,1346.800048828125,0.0,0.0,0.0,67.6207,1326.635,1327.3055,44.8549,0.0553,0.9415,-39.0
2026-06-16-00,1355.9000244140625,1355.9000244140625,1355.9000244140625,1355.9000244140625,0.0,0.0,0.0,64.5765,1323.54,1330.0287,44.7528,0.0068,0.9479,-39.7
2026-06-17-00,1349.0999755859375,1349.0999755859375,1349.0999755859375,1349.0999755859375,0.0,0.0,0.0,64.2919,1322.985,1331.8451,46.1182,-0.005,0.9431,-28.5
2026-06-18-00,1274.5,1274.5,1274.5,1274.5,0.0,0.0,0.0,63.9947,1318.02,1326.3836,39.8259,-0.0553,0.8909,-86.5
2026-06-22-00,1257.0999755859375,1257.0999755859375,1257.0999755859375,1257.0999755859375,0.0,0.0,0.0,63.4326,1311.705,1319.7852,38.3032,-0.0137,0.8788,-103.4
2026-06-23-00,1230.699951171875,1230.699951171875,1230.699951171875,1230.699951171875,0.0,0.0,0.0,64.9123,1305.34,1311.3009,34.3791,-0.021,0.8603,-142.4
2026-06-24-00,1161.300048828125,1161.300048828125,1161.300048828125,1161.300048828125,2.0,0.0,0.0,69.5142,1294.115,1297.0151,33.3973,-0.0564,0.8118,-155.7999
2026-06-25-00,1179.0,1194.0,1173.0,1180.199951171875,43.0,0.0,0.0,69.6494,1283.345,1285.8898,35.7525,0.0163,0.825,-138.6001
2026-06-26-00,1209.0,1209.0,1209.0,1209.0,23.0,0.0,0.0,67.8201,1274.915,1278.567,45.7046,0.0244,0.8452,-38.1
2026-06-29-00,1202.0,1210.4000244140625,1200.0,1210.4000244140625,10.0,0.0,0.0,66.0977,1267.385,1272.0749,51.1914,0.0012,0.8461,9.5
2026-06-30-00,1200.0,1200.0,1200.0,1200.0,0.0,0.0,0.0,63.9044,1259.36,1265.2106,48.2846,-0.0086,0.8389,-13.6
2026-07-01-00,1212.800048828125,1212.800048828125,1212.800048828125,1212.800048828125,0.0,0.0,0.0,58.7312,1251.345,1260.2191,47.7041,0.0107,0.8478,-18.0
2026-07-02-00,1261.9000244140625,1261.9000244140625,1261.9000244140625,1261.9000244140625,0.0,0.0,0.0,56.7419,1248.585,1260.3792,53.1214,0.0405,0.8821,27.3
2026-07-06-00,1260.4000244140625,1260.4000244140625,1260.4000244140625,1260.4000244140625,0.0,0.0,0.0,54.3924,1245.665,1260.3812,48.0111,-0.0012,0.8811,-15.7999
2026-07-07-00,1270.5999755859375,1270.5999755859375,1270.5999755859375,1270.5999755859375,0.0,0.0,0.0,54.6781,1246.84,1261.3544,38.6876,0.0081,0.8882,-76.2001
2026-07-08-00,1213.4000244140625,1213.4000244140625,1213.4000244140625,1213.4000244140625,0.0,0.0,0.0,54.1946,1247.465,1256.7873,31.4887,-0.045,0.8482,-142.5
2026-07-09-00,1243.9000244140625,1243.9000244140625,1243.9000244140625,1243.9000244140625,0.0,0.0,0.0,53.6186,1248.98,1255.56,37.1268,0.0251,0.8696,-105.2
2026-07-10-00,1266.300048828125,1266.300048828125,1266.300048828125,1266.300048828125,0.0,0.0,0.0,53.5726,1250.755,1256.5828,48.8496,0.018,0.8852,-8.2
2026-07-13-00,1242.699951171875,1242.699951171875,1242.699951171875,1242.699951171875,0.0,0.0,0.0,53.4746,1251.16,1255.2607,48.0143,-0.0186,0.8687,-14.4
2026-07-14-00,1298.5999755859375,1298.5999755859375,1298.5999755859375,1298.5999755859375,0.0,0.0,0.0,54.2555,1252.28,1259.3882,58.6585,0.045,0.9078,67.9
2026-07-15-00,1283.199951171875,1283.199951171875,1283.199951171875,1283.199951171875,0.0,0.0,0.0,50.1311,1249.1,1261.656,68.0272,-0.0119,0.897,121.8999
2026-07-16-00,1263.5,1263.5,1263.5,1263.5,0.0,0.0,0.0,43.6032,1244.48,1261.8316,62.2898,-0.0154,0.8833,83.3
2026-07-17-00,1244.0,1244.0,1244.0,1244.0,0.0,0.0,0.0,36.0016,1239.225,1260.1334,55.3095,-0.0154,0.8696,35.0
2026-07-20-00,1261.0,1261.0,1261.0,1261.0,0.0,0.0,0.0,35.4274,1238.55,1260.2159,57.3291,0.0137,0.8815,50.6
2026-07-21-00,1279.5,1279.5,1279.5,1279.5,0.0,0.0,0.0,36.3858,1239.67,1262.0525,61.2511,0.0147,0.8944,79.5
2026-07-22-00,1302.9000244140625,1302.9000244140625,1302.9000244140625,1302.9000244140625,0.0,0.0,0.0,38.9409,1243.28,1265.9427,62.3798,0.0183,0.9108,90.1
2026-07-23-00,1255.300048828125,1255.300048828125,1255.300048828125,1255.300048828125,0.0,0.0,0.0,33.8678,1247.98,1264.9291,49.0894,-0.0365,0.8775,-6.6
2026-07-24-00,1246.699951171875,1246.699951171875,1246.699951171875,1246.699951171875,0.0,0.0,0.0,29.8945,1251.305,1263.193,48.1461,-0.0069,0.8715,-13.7001
2026-07-27-00,1289.5999755859375,1289.5999755859375,1289.5999755859375,1289.5999755859375,0.0,0.0,0.0,29.3185,1255.335,1265.708,52.362,0.0344,0.9015,19.0
2026-07-28-00,1266.5,1266.5,1266.5,1266.5,0.0,0.0,0.0,27.415,1258.14,1265.7834,57.2127,-0.0179,0.8854,53.1
2026-07-29-00,1245.699951171875,1245.699951171875,1245.699951171875,1245.699951171875,14.0,0.0,0.0,24.0067,1260.425,1263.8707,50.2511,-0.0164,0.8708,1.7999
2026-07-30-00,1244.5,1302.199951171875,1244.5,1302.199951171875,1.0,0.0,0.0,22.9731,1264.895,1267.5211,54.5732,0.0454,0.9103,35.8999
2026-07-31-00,1275.5999755859375,1275.5999755859375,1275.5999755859375,1275.5999755859375,0.0,0.0,0.0,23.0831,1265.58,1268.2905,54.1593,-0.0204,0.8917,32.9
2026-08-03-00,1250.9000244140625,1250.9000244140625,1250.9000244140625,1250.9000244140625,0.0,0.0,0.0,23.2921,1265.105,1266.6343,43.4532,-0.0194,0.8744,-47.7
2026-08-04-00,1355.300048828125,1355.300048828125,1355.300048828125,1355.300048828125,0.0,0.0,0.0,30.8256,1269.34,1275.0786,57.9528,0.0835,0.9474,72.1001
2026-08-05-00,1364.699951171875,1364.699951171875,1364.699951171875,1364.699951171875,0.0,0.0,0.0,34.697,1276.905,1283.614,61.4221,0.0069,0.954,101.2
2026-08-06-00,1372.9000244140625,1372.9000244140625,1372.9000244140625,1372.9000244140625,0.0,0.0,0.0,39.8467,1283.355,1292.1174,64.9293,0.006,0.9597,128.9
2026-08-07-00,1370.0,1378.0,1363.5,1374.0999755859375,8.0,0.0,0.0,44.444,1288.745,1299.9253,63.597,0.0009,0.9606,113.1
2026-08-10-00,1377.199951171875,1377.199951171875,1377.199951171875,1377.199951171875,0.0,0.0,0.0,47.2005,1295.47,1307.2848,62.1972,0.0023,0.9627,97.7
2026-08-11-00,1366.0999755859375,1366.0999755859375,1366.0999755859375,1366.0999755859375,0.0,0.0,0.0,49.7789,1298.845,1312.8862,58.1401,-0.0081,0.955,63.2
2026-08-12-00,1370.199951171875,1370.199951171875,1370.199951171875,1370.199951171875,0.0,0.0,0.0,52.0875,1303.195,1318.3447,66.6667,0.003,0.9578,114.8999
2026-08-13-00,1322.5999755859375,1322.5999755859375,1322.5999755859375,1322.5999755859375,4.0,0.0,0.0,51.3888,1306.15,1318.7499,59.8905,-0.0347,0.9246,75.9
2026-08-14-00,1322.5,1322.5,1322.5,1322.5,3.0,0.0,0.0,49.3494,1310.075,1319.1071,54.8255,-0.0001,0.9245,32.9
2026-08-17-00,1334.0999755859375,1334.0999755859375,1334.0999755859375,1334.0999755859375,0.0,0.0,0.0,48.2175,1313.73,1320.535,60.2611,0.0088,0.9326,67.6
2026-08-18-00,1291.199951171875,1291.199951171875,1291.199951171875,1291.199951171875,0.0,0.0,0.0,47.8499,1314.315,1317.7412,56.4723,-0.0322,0.9026,45.5
2026-08-19-00,1331.9000244140625,1331.9000244140625,1331.9000244140625,1331.9000244140625,0.0,0.0,0.0,47.9251,1315.765,1319.0896,54.4236,0.0315,0.9311,29.7001
2026-08-20-00,1336.300048828125,1336.300048828125,1336.300048828125,1336.300048828125,0.0,0.0,0.0,45.9274,1319.815,1320.7287,59.681,0.0033,0.9341,60.7001
2026-08-21-00,1348.5,1348.5,1348.5,1348.5,0.0,0.0,0.0,42.9418,1324.905,1323.3736,66.2126,0.0091,0.9427,97.6
2026-08-24-00,1361.800048828125,1361.800048828125,1361.800048828125,1361.800048828125,0.0,0.0,0.0,42.8524,1328.515,1327.0333,51.5484,0.0099,0.952,6.5
2026-08-25-00,1331.9000244140625,1331.9000244140625,1331.9000244140625,1331.9000244140625,0.0,0.0,0.0,40.2897,1331.785,1327.4968,42.882,-0.022,0.9311,-32.7999
2026-08-26-00,1325.0999755859375,1325.0999755859375,1325.0999755859375,1325.0999755859375,0.0,0.0,0.0,34.914,1335.755,1327.2685,39.5633,-0.0051,0.9263,-47.8
2026-08-27-00,1337.5999755859375,1337.5999755859375,1337.5999755859375,1337.5999755859375,2283.0,0.0,0.0,34.009,1337.525,1328.2525,42.4053,0.0094,0.9351,-36.5
2026-08-28-00,1353.0,1469.5,1348.5,1428.5999755859375,714.0,0.0,0.0,36.4656,1345.175,1337.8094,57.8306,0.068,0.9987,51.4
2026-08-31-00,1398.5,1401.0,1362.9000244140625,1362.9000244140625,83.0,0.0,0.0,29.0773,1350.775,1340.1989,49.582,-0.046,0.9527,-3.2
2026-09-01-00,1348.0,1350.5,1317.199951171875,1317.199951171875,25.0,0.0,0.0,29.9987,1348.87,1338.0086,43.7559,-0.0335,0.9208,-53.0
2026-09-02-00,1346.5999755859375,1346.5999755859375,1346.5999755859375,1346.5999755859375,0.0,0.0,0.0,29.7681,1347.965,1338.8268,52.9542,0.0223,0.9413,24.0
2026-09-03-00,1421.5,1426.0,1421.5,1425.9000244140625,11.0,0.0,0.0,34.1424,1350.615,1347.1195,60.651,0.0589,0.9968,103.4
2026-09-04-00,1390.0999755859375,1390.0999755859375,1390.0999755859375,1390.0999755859375,0.0,0.0,0.0,34.9007,1351.415,1351.2129,55.4945,-0.0251,0.9718,56.0
2026-09-08-00,1399.5,1404.0,1355.5999755859375,1355.5999755859375,10.0,0.0,0.0,34.3912,1350.335,1351.6307,56.4246,-0.0248,0.9476,64.4
2026-09-09-00,1367.300048828125,1367.300048828125,1367.300048828125,1367.300048828125,0.0,0.0,0.0,34.4212,1350.395,1353.123,53.7484,0.0086,0.9558,35.4
2026-09-10-00,1281.300048828125,1281.300048828125,1281.300048828125,1281.300048828125,0.0,0.0,0.0,37.345,1345.95,1346.2827,45.0343,-0.0629,0.8957,-55.0
2026-09-11-00,1293.0,1310.9000244140625,1288.0,1310.9000244140625,2.0,0.0,0.0,37.8186,1345.365,1342.9129,46.7087,0.0231,0.9164,-37.6
2026-09-14-00,1294.5999755859375,1294.5999755859375,1294.5999755859375,1294.5999755859375,0.0,0.0,0.0,39.1959,1343.97,1338.3117,44.1484,-0.0124,0.905,-67.2001
2026-09-15-00,1289.199951171875,1289.199951171875,1289.199951171875,1289.199951171875,0.0,0.0,0.0,41.0338,1341.725,1333.6344,46.1161,-0.0042,0.9012,-42.7001
2026-09-16-00,1300.0999755859375,1300.0999755859375,1300.0999755859375,1300.0999755859375,0.0,0.0,0.0,40.5018,1342.17,1330.4406,47.7429,0.0085,0.9088,-25.0
2026-09-17-00,1290.199951171875,1290.199951171875,1290.199951171875,1290.199951171875,0.0,0.0,0.0,42.1001,1340.085,1326.6082,45.7003,-0.0076,0.9019,-47.4
2026-09-18-00,1295.5,1306.199951171875,1291.5,1306.199951171875,2.0,0.0,0.0,42.7752,1338.58,1324.6646,37.1483,0.0124,0.9131,-122.4
2026-09-21-00,1302.9000244140625,1302.9000244140625,1302.9000244140625,1302.9000244140625,0.0,0.0,0.0,43.4289,1336.3,1322.5917,42.7501,-0.0025,0.9108,-60.0
2026-09-22-00,1297.5,1297.5,1284.5,1292.9000244140625,2.0,0.0,0.0,44.0282,1332.855,1319.764,46.7866,-0.0077,0.9038,-24.2999
2026-09-23-00,1257.9000244140625,1257.9000244140625,1257.9000244140625,1257.9000244140625,0.0,0.0,0.0,47.1139,1329.155,1313.8722,38.4415,-0.0271,0.8793,-88.7
2026-09-24-00,1270.199951171875,1270.199951171875,1270.199951171875,1270.199951171875,0.0,0.0,0.0,48.9271,1326.41,1309.7129,25.4184,0.0098,0.8879,-155.7001
2026-09-25-00,1263.699951171875,1263.699951171875,1263.699951171875,1263.699951171875,0.0,0.0,0.0,50.7924,1322.715,1305.3307,28.0097,-0.0051,0.8834,-126.4
2026-09-28-00,1219.0,1219.5,1201.5,1209.800048828125,24.0,0.0,0.0,50.3472,1311.775,1296.2326,26.2386,-0.0427,0.8457,-145.7999
2026-09-29-00,1201.5999755859375,1201.5999755859375,1201.5999755859375,1201.5999755859375,2.0,0.0,0.0,54.4764,1303.71,1287.2199,22.6838,-0.0068,0.84,-165.7001
2026-09-30-00,1201.4000244140625,1201.4000244140625,1201.4000244140625,1201.4000244140625,0.0,0.0,0.0,58.9383,1297.92,1279.0466,31.6322,-0.0002,0.8398,-79.9
2026-10-01-00,1168.800048828125,1168.800048828125,1168.800048828125,1168.800048828125,0.0,0.0,0.0,64.3683,1289.03,1268.5469,17.7778,-0.0271,0.8171,-142.1
2026-10-02-00,1161.0999755859375,1161.0999755859375,1161.0999755859375,1161.0999755859375,0.0,0.0,0.0,61.9206,1275.79,1258.3139,18.4993,-0.0066,0.8117,-133.5
2026-10-05-00,1167.199951171875,1167.199951171875,1167.199951171875,1167.199951171875,0.0,0.0,0.0,60.3018,1264.645,1249.6364,21.3076,0.0053,0.8159,-122.0
2026-10-06-00,1163.5999755859375,1163.5999755859375,1163.5999755859375,1163.5999755859375,0.0,0.0,0.0,60.3429,1255.045,1241.4424,16.7559,-0.0031,0.8134,-136.5
2026-10-07-00,1116.0999755859375,1116.0999755859375,1116.0999755859375,1116.0999755859375,0.0,0.0,0.0,61.8715,1242.485,1229.5051,14.1622,-0.0408,0.7802,-174.1
2026-10-08-00,1114.9000244140625,1114.9000244140625,1114.9000244140625,1114.9000244140625,0.0,0.0,0.0,67.325,1234.165,1218.5903,8.0666,-0.0011,0.7794,-191.2999
2026-10-09-00,1129.5,1158.0,1129.5,1157.0,991.0,0.0,0.0,66.8865,1226.47,1212.7245,22.6676,0.0378,0.8088,-145.9
