datetime,close,open,high,low,volume,volume_ma5,volume_ma20,price_range,price_ma5,price_ma20,target_volatility,prediccion
2025-10-30,1461.5,1452.5,1461.5,1452.5,22.0,6.2,14.45,0.006158056790968184,1434.639990234375,1454.6499938964844,75.84120314603206,71.86965612248041
2025-10-31,1444.699951171875,1473.0,1473.0,1444.699951171875,17.0,9.6,13.45,0.019588876434286084,1430.8599853515625,1463.2349914550782,68.90764649722358,69.05226477020484
2025-11-03,1446.9000244140625,1446.9000244140625,1446.9000244140625,1446.9000244140625,0.0,9.6,12.0,0.0,1437.0599853515625,1469.239990234375,64.2289100901711,66.60461861946976
2025-11-04,1412.9000244140625,1412.9000244140625,1412.9000244140625,1412.9000244140625,0.0,9.6,9.75,0.0,1439.1,1472.5049926757813,64.45968858297134,65.72803402390505
2025-11-05,1442.4000244140625,1442.4000244140625,1442.4000244140625,1442.4000244140625,11.0,10.0,8.85,0.0,1441.6800048828125,1471.9149963378907,66.55660245255693,66.79500100993855
2025-11-06,1388.0999755859375,1388.0999755859375,1388.0999755859375,1388.0999755859375,0.0,5.6,8.85,0.0,1427.0,1469.7949951171875,68.3652110223182,67.65378907969814
2025-11-07,1397.300048828125,1397.300048828125,1397.300048828125,1397.300048828125,1.0,2.4,7.35,0.0,1417.52001953125,1467.2799987792969,67.82059601114173,68.01369794537999
2025-11-10,1443.0999755859375,1443.0999755859375,1443.0999755859375,1443.0999755859375,1.0,2.6,5.85,0.0,1416.760009765625,1463.9649963378906,63.150420698879344,65.47266984069859
2025-11-11,1467.5999755859375,1467.5999755859375,1467.5999755859375,1467.5999755859375,0.0,2.6,3.95,0.0,1427.7,1458.8749938964843,58.51927794500129,56.66495775567884
2025-11-12,1499.9000244140625,1499.9000244140625,1499.9000244140625,1499.9000244140625,0.0,0.4,3.95,0.0,1439.2,1455.4149963378907,35.35692574395321,57.95034550725748
2025-11-13,1470.4000244140625,1497.0,1517.0,1470.4000244140625,23.0,5.0,4.8,0.031692039453350154,1455.660009765625,1446.1849975585938,33.46869829519411,34.53419477851567
2025-11-14,1420.699951171875,1416.5,1425.5,1416.0,10.0,6.8,5.2,0.0066868447430886825,1460.339990234375,1442.2599975585938,29.30431065663803,29.742668816037735
2025-11-17,1413.9000244140625,1413.9000244140625,1413.9000244140625,1413.9000244140625,0.0,6.6,5.2,0.0,1454.5,1437.2149963378906,29.04195855996765,29.713031845927453
2025-11-18,1419.4000244140625,1419.4000244140625,1419.4000244140625,1419.4000244140625,0.0,6.6,5.2,0.0,1444.860009765625,1437.554998779297,30.093749765175264,30.124287339732767
2025-11-19,1402.0999755859375,1402.0999755859375,1402.0999755859375,1402.0999755859375,3.0,7.2,4.85,0.0,1425.3,1435.675,31.13032867289055,30.768517993791576
2025-11-20,1382.4000244140625,1382.4000244140625,1382.4000244140625,1382.4000244140625,5.0,3.6,5.1,0.0,1407.7,1431.25,31.885365236150523,34.53789347901944
2025-11-21,1383.5999755859375,1383.5999755859375,1383.5999755859375,1383.5999755859375,1.0,1.8,5.15,0.0,1400.2800048828126,1427.25,32.25153075070515,43.49148632150647
2025-11-24,1403.0999755859375,1387.5,1403.0999755859375,1387.5,5.0,2.8,5.4,0.011118220980242635,1398.1199951171875,1426.6099975585937,32.27122804074424,33.210543821558716
2025-11-25,1402.199951171875,1402.199951171875,1402.199951171875,1402.199951171875,3953.0,793.4,203.05,0.0,1394.67998046875,1426.5849975585938,32.275908394992456,38.501083267453424
2025-11-26,1422.5,1400.0,1431.0,1399.0,1097.0,1012.2,257.45,0.02249560632688928,1398.7599853515626,1426.2349975585937,32.72018649019998,33.658627677897925
2025-11-28,1468.5999755859375,1427.0,1468.5999755859375,1418.5,74.0,1026.0,260.05,0.0341141062364166,1415.9999755859376,1426.5899963378906,32.723109910233276,33.66072103596835
2025-12-01,1444.800048828125,1478.5,1478.5,1444.800048828125,68.0,1039.4,262.6,0.023324993101439175,1428.239990234375,1426.5950012207031,33.92489974776966,34.06241936534804
2025-12-02,1470.9000244140625,1470.9000244140625,1470.9000244140625,1470.9000244140625,24.0,1043.2,263.8,0.0,1441.8,1427.7950012207032,35.42416015864235,36.131722821510714
2025-12-03,1476.800048828125,1470.5,1476.800048828125,1470.5,32.0,259.0,265.4,0.004266013420790604,1456.72001953125,1430.9900024414062,35.648192730036136,36.01226216843053
2025-12-04,1451.9000244140625,1449.5,1451.9000244140625,1449.5,19.0,43.4,265.8,0.0016530231928545275,1462.6000244140625,1431.4650024414063,35.23224062637686,35.45706376219408
2025-12-05,1472.4000244140625,1472.0,1479.0,1469.0,29.0,34.4,267.25,0.00679163259589015,1463.3600341796875,1435.6800048828125,35.56744779403897,37.8781733930642
2025-12-08,1483.5999755859375,1495.5,1500.0,1483.5999755859375,26.0,26.0,268.5,0.011054209142586043,1471.12001953125,1439.9950012207032,38.99501664989852,39.84073152005891
2025-12-09,1511.4000244140625,1511.4000244140625,1511.4000244140625,1511.4000244140625,0.0,21.2,268.45,0.0,1479.22001953125,1443.4100036621094,38.746035055879034,40.042655244490255
2025-12-10,1458.300048828125,1458.300048828125,1458.300048828125,1458.300048828125,1.0,15.0,268.5,0.0,1475.52001953125,1442.9450073242188,39.82695181836949,39.23571200359768
2025-12-11,1512.699951171875,1494.0,1512.699951171875,1494.0,1.0,11.4,268.55,0.012361969839020829,1487.6800048828125,1443.5850036621093,42.49398689746193,40.96913008030528
2025-12-12,1514.199951171875,1555.5,1555.5,1514.199951171875,10.0,7.6,267.9,0.027275161907224947,1496.039990234375,1445.775,53.22035832021384,42.94030171370787
2025-12-15,1592.800048828125,1592.800048828125,1592.800048828125,1592.800048828125,1.0,2.6,267.45,0.0,1517.8800048828125,1454.3800048828125,64.71587712280929,69.83787347980724
2025-12-16,1626.5999755859375,1626.5999755859375,1626.5999755859375,1626.5999755859375,0.0,2.6,267.45,0.0,1540.9199951171875,1465.0150024414063,80.14136055243523,78.33157694992431
2025-12-17,1684.199951171875,1655.5,1684.199951171875,1646.0,29.0,8.2,268.9,0.02268136342439345,1586.0999755859375,1478.2549987792968,96.79277482071038,92.4537931355004
2025-12-18,1737.9000244140625,1728.5,1747.5,1723.0,32.0,14.4,270.35,0.014097473764787039,1631.139990234375,1495.0450012207032,108.35916335881058,104.8231339866698
2025-12-19,1749.0,1749.0,1749.0,1725.0,11.0,14.6,270.65,0.0137221269296741,1678.1,1513.375,120.58369243153913,113.66119411668997
2025-12-22,1793.4000244140625,1815.0,1818.0,1793.4000244140625,13.0,17.0,271.25,0.013716948394697817,1718.2199951171874,1533.8650024414062,143.98512451311166,137.64569252212462
2025-12-23,1918.5999755859375,1855.0,1925.5,1855.0,25.0,22.0,272.25,0.036745544093145004,1776.6199951171875,1559.6400024414063,146.03445276862678,141.12734561608247
2025-12-24,1766.300048828125,1766.300048828125,1766.300048828125,1766.300048828125,0.0,16.2,74.6,0.0,1793.0400146484376,1577.8450073242188,167.1416986762161,156.72004494288035
2025-12-26,1984.699951171875,1984.699951171875,1984.699951171875,1984.699951171875,0.0,9.8,19.75,0.0,1842.4,1605.9550048828125,164.1729983165179,151.15735262055813
2025-12-29,1648.300048828125,1648.300048828125,1648.300048828125,1648.300048828125,65.0,20.6,19.3,0.0,1822.260009765625,1614.940008544922,160.2868148670997,156.4881052930901
2025-12-30,1706.699951171875,1650.5,1706.699951171875,1650.5,33.0,24.6,17.55,0.032929016687020064,1804.9199951171875,1628.0350036621094,155.9693643068539,154.92150080968898
2025-12-31,1629.199951171875,1629.199951171875,1629.199951171875,1629.199951171875,0.0,19.6,16.35,0.0,1747.039990234375,1635.95,151.4965752468529,136.4655151481553
2026-01-02,1668.0,1668.0,1668.0,1668.0,0.0,19.6,14.75,0.0,1727.37998046875,1645.5099975585938,145.7690056171994,146.86257175469746
2026-01-05,1742.199951171875,1700.0,1768.5,1680.0,21.0,23.8,14.85,0.0507978432329029,1678.87998046875,1660.0249938964844,145.64757226321072,143.5375367407969
2026-01-06,1865.5999755859375,1865.5999755859375,1865.5999755859375,1865.5999755859375,0.0,10.8,13.4,0.0,1722.3399658203125,1679.684991455078,139.21569373030493,125.34064759497707
2026-01-07,1767.199951171875,1767.199951171875,1767.199951171875,1767.199951171875,0.0,4.2,12.1,0.0,1734.4399658203124,1693.864990234375,133.55833615429418,131.68032649831065
2026-01-08,1781.0999755859375,1781.0999755859375,1781.0999755859375,1781.0999755859375,0.0,4.2,12.1,0.0,1764.819970703125,1707.3499877929687,123.6117447482722,123.75446435596658
2026-01-09,1853.0,1853.0,1853.0,1853.0,0.0,4.2,12.05,0.0,1801.819970703125,1727.0849853515624,120.0281220042057,119.68127325806017
2026-01-12,1921.300048828125,1921.300048828125,1921.300048828125,1921.300048828125,0.0,0.0,12.0,0.0,1837.639990234375,1747.514990234375,111.26276455690225,112.56306703327976
2026-01-13,1900.4000244140625,1900.4000244140625,1900.4000244140625,1900.4000244140625,0.0,0.0,11.5,0.0,1844.6,1766.8249938964843,106.37996557173288,106.04442299284305
2026-01-14,1886.9000244140625,1886.9000244140625,1886.9000244140625,1886.9000244140625,0.0,0.0,11.45,0.0,1868.5400146484376,1781.5299926757812,101.12916381325398,101.86593950905036
2026-01-15,1859.0,1859.0,1859.0,1859.0,28.0,5.6,12.85,0.0,1884.12001953125,1793.1499938964844,97.83393216069231,99.76590773389619
2026-01-16,1805.199951171875,1805.199951171875,1805.199951171875,1805.199951171875,5.0,6.6,11.65,0.0,1874.560009765625,1799.1999938964843,98.76576401738429,102.83728091439858
2026-01-20,1890.9000244140625,1890.9000244140625,1890.9000244140625,1890.9000244140625,28.0,12.2,11.45,0.0,1868.4800048828124,1806.8499938964844,98.60122263158243,102.43947825529767
2026-01-21,1865.199951171875,1865.199951171875,1865.199951171875,1865.199951171875,5.0,13.2,11.15,0.0,1861.439990234375,1812.6599914550782,100.83889565785131,103.43956405255094
2026-01-22,1910.300048828125,1910.300048828125,1910.300048828125,1910.300048828125,7.0,14.6,10.85,0.0,1866.1199951171875,1818.5049926757813,107.46720642414334,111.25812146572807
2026-01-23,2010.0,2010.0,2033.5,2010.0,16.0,12.2,10.4,0.011691542288557214,1896.3199951171875,1823.0749938964843,131.46027803497537,125.8215118054154
2026-01-26,2169.89990234375,2064.5,2169.89990234375,2064.5,24.0,16.0,11.6,0.04857362417036176,1969.2599853515626,1843.2549865722656,127.30740073234901,123.92143423478839
2026-01-27,1861.800048828125,1861.800048828125,1861.800048828125,1861.800048828125,0.0,10.4,11.6,0.0,1963.439990234375,1837.1099914550782,125.78804935305142,120.06089156227817
2026-01-28,2025.4000244140625,2025.4000244140625,2025.4000244140625,2025.4000244140625,34.0,16.2,10.05,0.0,1995.4800048828124,1855.964990234375,124.59416217731129,121.30309629553285
2026-01-29,2000.5999755859375,2150.0,2150.0,2000.5999755859375,11.0,17.0,8.95,0.07467760983567247,2013.539990234375,1870.6599914550782,119.1478418800617,120.5733006731362
2026-01-30,1688.300048828125,1826.0,1832.0,1688.300048828125,15.0,16.8,9.7,0.0851151732605939,1949.2,1873.6149963378907,117.24415368778253,119.1978130115189
2026-02-02,1689.9000244140625,1643.5,1689.9000244140625,1625.0,40.0,20.0,11.7,0.03840465321998278,1853.2000244140625,1874.7099975585938,117.01518227050671,115.9875467645962
2026-02-03,1746.0999755859375,1746.0999755859375,1746.0999755859375,1746.0999755859375,0.0,20.0,10.65,0.0,1830.060009765625,1874.9049987792969,121.65816954876446,126.47495187185855
2026-02-04,1726.199951171875,1726.199951171875,1726.199951171875,1726.199951171875,0.0,13.2,10.65,0.0,1770.2199951171874,1867.9349975585938,126.24389974902111,125.81976056943287
2026-02-05,1688.9000244140625,1688.9000244140625,1688.9000244140625,1688.9000244140625,0.0,11.0,10.65,0.0,1707.8800048828125,1864.020001220703,128.36318110989234,138.82517978700443
2026-02-06,1732.699951171875,1549.5,1732.699951171875,1549.5,19.0,11.8,11.6,0.10573091495037648,1716.7599853515626,1861.6,131.35321491958683,126.60319154471377
2026-02-09,1737.0999755859375,1737.0999755859375,1737.0999755859375,1737.0999755859375,0.0,3.8,11.6,0.0,1726.1999755859374,1855.804998779297,133.6284965083842,134.26579739189728
2026-02-10,1722.699951171875,1722.699951171875,1722.699951171875,1722.699951171875,0.0,3.8,11.6,0.0,1721.519970703125,1845.8749938964843,135.17354652635436,136.85696089368554
2026-02-11,1735.300048828125,1735.300048828125,1735.300048828125,1735.300048828125,0.0,3.8,11.6,0.0,1723.339990234375,1837.6199951171875,140.86707610883795,138.61053485616873
2026-02-12,1650.300048828125,1650.300048828125,1650.300048828125,1650.300048828125,0.0,3.8,11.6,0.0,1715.6199951171875,1825.7899963378907,143.46802978084443,142.60021951865448
2026-02-13,1697.5,1697.5,1732.0,1697.5,14.0,2.8,10.9,0.0203240058910162,1708.5800048828125,1817.7149963378906,146.96711905047113,141.69238513723602
2026-02-17,1675.199951171875,1675.199951171875,1675.199951171875,1675.199951171875,7.0,4.2,11.0,0.0,1696.2,1811.2149963378906,146.2969289770725,142.06869120381694
2026-02-18,1751.300048828125,1751.300048828125,1751.300048828125,1751.300048828125,0.0,4.2,9.6,0.0,1701.92001953125,1804.2349975585937,147.67798573716655,143.09805466032137
2026-02-19,1690.4000244140625,1690.4000244140625,1690.4000244140625,1690.4000244140625,0.0,4.2,9.35,0.0,1692.9400146484375,1795.4950012207032,145.22470435187233,144.5502343812652
2026-02-20,1774.199951171875,1774.199951171875,1774.199951171875,1774.199951171875,2.0,4.6,9.1,0.0,1717.7199951171874,1788.6899963378905,135.565179707849,132.89863204016422
2026-02-23,1772.199951171875,1772.199951171875,1772.199951171875,1772.199951171875,2.0,2.2,8.4,0.0,1732.6599853515625,1776.7999938964845,99.9075227509561,112.02526431629578
2026-02-24,1813.5,1813.5,1813.5,1813.5,0.0,0.8,7.2,0.0,1760.3199951171875,1758.979998779297,98.5904427050905,103.04044222800609
2026-02-25,1834.0999755859375,1834.0999755859375,1834.0999755859375,1834.0999755859375,3403.0,681.4,177.35,0.0,1776.87998046875,1757.5949951171874,75.81552950593236,68.6055598369212
2026-02-26,1748.5999755859375,1809.0,1812.0,1727.5,825.0,846.4,216.9,0.048324374459450016,1788.519970703125,1743.7549926757813,47.80328992191435,51.411116238130525
2026-02-27,1792.199951171875,1774.5,1842.0,1774.5,41.0,854.2,218.4,0.03766320825746225,1792.119970703125,1733.3349914550781,46.99955503863796,52.39053986635932
2026-03-02,1762.5999755859375,1766.5,1767.5,1757.0,25.0,858.8,218.9,0.005957108899033944,1790.1999755859374,1737.0499877929688,51.30434763081601,58.527927193574875
2026-03-03,1635.0,1650.5,1650.5,1627.0,22.0,863.2,218.0,0.01437308868501529,1754.4999755859376,1734.3049865722655,53.305389617232386,56.72552651388615
2026-03-04,1667.800048828125,1667.800048828125,1667.800048828125,1667.800048828125,18.0,186.2,218.9,0.0,1721.239990234375,1730.389990234375,58.73684173538416,71.91025830117229
2026-03-05,1620.199951171875,1660.0,1660.0,1620.199951171875,175.0,56.2,227.65,0.02456489941216083,1695.5599853515625,1725.089990234375,61.89920002670639,65.61967014275793
2026-03-06,1631.699951171875,1631.699951171875,1631.699951171875,1631.699951171875,2.0,48.4,227.75,0.0,1663.4599853515624,1722.2299865722657,63.26393368738409,66.3696786894651
2026-03-09,1662.199951171875,1591.5,1662.199951171875,1564.0,52.0,53.8,229.4,0.05907830228405591,1643.37998046875,1718.7049865722656,64.06098269947314,65.85367642631208
2026-03-10,1668.699951171875,1668.699951171875,1668.699951171875,1668.699951171875,0.0,49.4,229.4,0.0,1650.119970703125,1715.2849853515625,67.15823075726948,69.11499854568379
2026-03-11,1624.4000244140625,1624.4000244140625,1624.4000244140625,1614.5,16.0,49.0,230.2,0.006094572928631628,1641.4399658203124,1710.3699890136718,69.6822788343956,69.74212120202121
2026-03-12,1621.9000244140625,1621.9000244140625,1621.9000244140625,1621.9000244140625,2.0,14.4,230.3,0.0,1641.77998046875,1704.6999877929688,76.61079603057316,86.22308319805768
2026-03-13,1554.0999755859375,1554.0999755859375,1554.0999755859375,1554.0999755859375,0.0,14.0,230.3,0.0,1626.2599853515626,1699.8899841308594,80.84610256982987,87.11625719339132
2026-03-16,1584.5,1584.5,1584.5,1584.5,0.0,3.6,229.6,0.0,1610.7199951171874,1694.2399841308593,82.7406901142189,88.92427636502231
2026-03-17,1614.0,1614.0,1614.0,1614.0,2.0,4.0,229.35,0.0,1599.7800048828126,1691.1799865722655,90.03547804673731,97.92715992898358
2026-03-18,1517.0999755859375,1517.0999755859375,1517.0999755859375,1517.0999755859375,0.0,0.8,229.35,0.0,1578.3199951171875,1679.4699829101562,105.27946025138785,102.32364073004538
2026-03-19,1434.5999755859375,1434.5999755859375,1435.0,1434.5999755859375,9.0,2.2,229.8,0.00027884038817100704,1540.8599853515625,1666.67998046875,115.03612085094431,110.61516652193754
2026-03-20,1424.800048828125,1392.5,1424.800048828125,1387.0,2.0,2.6,229.8,0.026530072664732802,1515.0,1649.2099853515624,122.77387047069514,113.33450006630139
2026-03-23,1411.300048828125,1371.0,1411.300048828125,1371.0,4.0,3.4,229.9,0.02855526637414078,1480.360009765625,1631.164990234375,124.27502147633474,118.93559563528638
2026-03-24,1411.199951171875,1416.0,1422.0,1405.5,8.0,4.6,230.3,0.011692177275302645,1439.8,1611.0499877929688,119.86706661092938,115.83173957764619
2026-03-25,1416.0,1416.0,1416.0,1416.0,2.0,5.0,60.25,0.0,1419.5800048828125,1590.1449890136719,125.97312150023689,117.74673322162074
2026-03-26,1341.300048828125,1341.300048828125,1341.300048828125,1341.300048828125,0.0,3.2,19.0,0.0,1400.92001953125,1569.7799926757812,120.52312357667104,117.80619098019976
2026-03-27,1390.9000244140625,1390.9000244140625,1390.9000244140625,1390.9000244140625,22.0,7.2,18.05,0.0,1394.1400146484375,1549.7149963378906,112.87674035005709,111.63895708180473
2026-03-30,1418.0,1413.5,1418.0,1402.5,43.0,15.0,18.95,0.010930888575458392,1395.4800048828124,1532.4849975585937,110.9734487244787,106.18973864072073
2026-03-31,1471.199951171875,1471.199951171875,1471.199951171875,1471.199951171875,0.0,13.4,17.85,0.0,1407.4800048828124,1524.2949951171875,106.05511217414634,95.3048692821854
2026-04-01,1478.4000244140625,1478.4000244140625,1478.4000244140625,1478.4000244140625,4.0,13.8,17.15,0.0,1419.960009765625,1514.8249938964843,103.19155056826303,86.16139863552908
2026-04-02,1491.4000244140625,1491.4000244140625,1491.4000244140625,1491.4000244140625,0.0,13.8,8.4,0.0,1449.9800048828124,1508.3849975585938,99.19192268453338,90.12951474903443
2026-04-06,1476.199951171875,1476.199951171875,1476.199951171875,1476.199951171875,0.0,9.4,8.3,0.0,1467.039990234375,1500.6099975585937,92.29276380698462,84.29871992490266
2026-04-07,1442.0,1442.0,1442.0,1442.0,0.0,0.8,5.7,0.0,1471.839990234375,1489.6,85.50071455898234,76.26074005989662
2026-04-08,1586.9000244140625,1586.9000244140625,1586.9000244140625,1586.9000244140625,0.0,0.8,5.7,0.0,1494.9800048828124,1485.5100036621093,80.75519705574399,76.51468894493706
2026-04-09,1553.0,1553.0,1553.0,1553.0,0.0,0.0,4.9,0.0,1509.9,1481.9400024414062,74.69539832611339,69.42762414078138
2026-04-10,1528.0999755859375,1528.0999755859375,1528.0999755859375,1528.0999755859375,3.0,0.6,4.95,0.0,1517.239990234375,1477.25,75.62230117546319,68.52886244344188
2026-04-13,1569.800048828125,1526.5,1569.800048828125,1525.0,30.0,6.6,6.45,0.02853869756315066,1535.960009765625,1478.0350036621094,75.25209833257134,75.22669405554129
2026-04-14,1579.4000244140625,1587.0,1587.0,1579.4000244140625,3.0,7.2,6.6,0.0048119383743564234,1563.4400146484375,1477.7800048828126,72.19799407847233,77.37044484391818
2026-04-15,1578.0999755859375,1578.0999755859375,1578.0999755859375,1578.0999755859375,1.0,7.4,6.55,0.0,1561.6800048828125,1475.9850036621094,74.7411399840637,76.90372345836995
2026-04-16,1570.5,1570.5,1570.5,1570.5,12.0,9.8,7.15,0.0,1565.1800048828125,1478.6550048828126,77.95779665919775,77.49983614242859
2026-04-17,1590.4000244140625,1590.4000244140625,1590.4000244140625,1590.4000244140625,1.0,9.4,6.75,0.0,1577.6400146484375,1486.4450073242188,78.17454848972412,77.74624407612619
2026-04-20,1559.5999755859375,1559.5999755859375,1559.5999755859375,1559.5999755859375,3.0,4.0,6.8,0.0,1575.6,1493.1850036621095,76.14646175875377,76.97361275373436
2026-04-21,1531.699951171875,1531.699951171875,1531.699951171875,1531.699951171875,0.0,3.4,6.6,0.0,1566.0599853515625,1499.2049987792968,73.91068176355155,75.8845582963893
2026-04-22,1547.0999755859375,1547.0999755859375,1547.0999755859375,1547.0999755859375,0.0,3.2,6.2,0.0,1559.8599853515625,1506.0,71.0506312830616,73.52855380909367
2026-04-23,1484.5999755859375,1484.5999755859375,1484.5999755859375,1484.5999755859375,3.0,1.4,6.25,0.0,1542.67998046875,1509.429998779297,59.12860893669907,66.15980238770794
2026-04-24,1501.5,1501.5,1501.5,1501.5,1.0,1.4,6.3,0.0,1524.8999755859375,1517.4399963378905,52.12225044220987,60.49092787527764
2026-04-27,1477.699951171875,1477.699951171875,1477.699951171875,1477.699951171875,4.0,1.6,5.4,0.0,1508.519970703125,1521.7799926757812,48.3608954857623,52.77696158678569
2026-04-28,1461.0999755859375,1461.0999755859375,1461.0999755859375,1461.0999755859375,4.0,2.4,3.45,0.0,1494.3999755859375,1523.934991455078,48.942553191359345,47.33060118592926
2026-04-29,1461.800048828125,1461.800048828125,1461.800048828125,1461.800048828125,14.0,5.2,4.15,0.0,1477.339990234375,1523.4649963378906,47.7794601543627,48.13975673307923
2026-04-30,1526.4000244140625,1526.4000244140625,1526.4000244140625,1526.4000244140625,0.0,4.6,3.95,0.0,1485.7,1525.8649963378907,47.15618200306406,46.78475285485999
2026-05-01,1539.199951171875,1539.199951171875,1539.199951171875,1539.199951171875,0.0,4.4,3.95,0.0,1493.239990234375,1528.2549926757813,47.24444113528773,48.81557372498707
2026-05-04,1474.699951171875,1494.0,1494.0,1474.699951171875,1.0,3.8,4.0,0.013087441152207373,1492.639990234375,1528.1799926757812,43.050877359709176,47.8572490622281
2026-05-05,1507.0999755859375,1505.0,1507.0999755859375,1505.0,1.0,3.2,4.05,0.001393388374995535,1501.839990234375,1531.434991455078,41.209549085192236,85.89791961628863
2026-05-06,1546.0,1546.0,1546.0,1546.0,0.0,0.4,4.05,0.0,1518.67998046875,1529.389990234375,40.898625721883,50.050613427401906
2026-05-07,1517.800048828125,1517.800048828125,1517.800048828125,1491.0,4.0,1.2,4.25,0.017657166929739523,1516.9599853515624,1527.6299926757813,42.11839402397062,42.91742364739684
2026-05-08,1482.5999755859375,1482.5999755859375,1482.5999755859375,1482.5999755859375,2.0,1.6,4.2,0.0,1505.639990234375,1525.3549926757812,40.85054718370101,42.189149145235326
2026-05-11,1513.800048828125,1513.800048828125,1513.800048828125,1513.800048828125,1.0,1.6,2.75,0.0,1513.460009765625,1522.5549926757812,39.33294331299122,39.85793470723927
2026-05-12,1485.699951171875,1485.699951171875,1485.699951171875,1485.699951171875,0.0,1.4,2.6,0.0,1509.1800048828125,1517.8699890136718,36.86986623288982,37.77356690269751
2026-05-13,1531.0,1531.0,1531.0,1531.0,1.0,1.6,2.6,0.0,1506.1800048828125,1515.514990234375,36.72609896504548,39.62371828481075
2026-05-14,1456.5999755859375,1456.5999755859375,1456.5999755859375,1456.5999755859375,0.0,0.8,2.0,0.0,1493.939990234375,1509.8199890136718,36.481030542551515,39.746970525891456
2026-05-15,1422.9000244140625,1422.9000244140625,1422.9000244140625,1422.9000244140625,2.0,0.8,2.05,0.0,1482.0,1501.4449890136718,38.31693235268331,43.60350002090852
2026-05-18,1417.800048828125,1417.800048828125,1417.800048828125,1417.800048828125,1.0,0.8,1.95,0.0,1462.8,1494.3549926757812,47.58807653035623,50.34755171981072
2026-05-19,1360.199951171875,1360.199951171875,1360.199951171875,1360.199951171875,0.0,0.8,1.95,0.0,1437.7,1485.7799926757812,51.45544818917618,56.63087185960344
2026-05-20,1373.800048828125,1373.800048828125,1373.800048828125,1373.800048828125,0.0,0.6,1.95,0.0,1406.260009765625,1477.1149963378907,55.49774739909983,56.41686810161325
2026-05-21,1383.4000244140625,1383.4000244140625,1383.4000244140625,1383.4000244140625,0.0,0.6,1.8,0.0,1391.62001953125,1472.054998779297,60.53790526811308,59.25317461361117
2026-05-22,1358.0,1358.0,1358.0,1358.0,0.0,0.2,1.75,0.0,1378.6400146484375,1464.8799987792968,62.95316940023621,60.223387534313595
2026-05-26,1385.800048828125,1388.0,1393.0,1385.800048828125,21.0,4.2,2.6,0.005195519496455134,1372.2400146484374,1460.2850036621094,64.59098250209803,61.508553996200305
2026-05-27,1395.5999755859375,1395.5999755859375,1395.5999755859375,1395.5999755859375,2734.0,551.0,139.1,0.0,1379.32001953125,1457.0100036621093,66.96284547214724,73.69430183609686
2026-05-28,1377.5999755859375,1391.0,1402.0,1337.5,378.0,626.6,157.3,0.04682055832105113,1380.0800048828125,1452.8,67.60521966894791,74.29141514341906
2026-05-29,1361.0,1380.0,1380.0,1341.5,43.0,635.2,159.45,0.02828802351212344,1375.6,1444.5299987792969,66.22958711722399,50.93192826270826
2026-06-01,1360.5,1353.5,1368.5,1339.0,26.0,640.4,160.75,0.021683204704152886,1376.1,1435.5950012207031,66.96468407463365,53.417351252437186
2026-06-02,1373.0999755859375,1386.5,1386.5,1368.5,14.0,639.0,161.4,0.013109023610840086,1373.5599853515625,1430.5150024414063,68.97513646470632,41.787519596381806
2026-06-03,1317.0999755859375,1372.0,1372.0,1314.0,133.0,118.8,168.0,0.044036140820819296,1357.8599853515625,1421.0150024414063,65.95033050992184,51.731735153656444
2026-06-04,1318.800048828125,1318.800048828125,1318.800048828125,1318.800048828125,1.0,43.4,168.05,0.0,1346.1,1409.6550048828126,70.22682660684832,61.00241237758346
2026-06-05,1247.0999755859375,1286.0,1287.0,1234.5,31.0,41.0,169.4,0.04209766741061269,1323.3199951171875,1396.1200012207032,79.59391889749529,72.10679024224015
2026-06-08,1200.9000244140625,1202.5,1210.0,1200.9000244140625,21.0,40.0,170.35,0.0075776296119050525,1291.4,1382.0350036621094,81.71548005779687,73.81664606711028
2026-06-09,1213.5999755859375,1213.5999755859375,1213.5999755859375,1213.5999755859375,0.0,37.2,170.3,0.0,1259.5,1367.025,82.10896778249773,79.23322871704777
2026-06-10,1230.800048828125,1230.800048828125,1230.800048828125,1230.800048828125,3.0,11.2,170.45,0.0,1242.2400146484374,1354.2800048828126,74.97244168446751,73.57171606883797
2026-06-11,1234.5999755859375,1234.5999755859375,1234.5999755859375,1234.5999755859375,1.0,11.2,170.45,0.0,1225.4,1339.4600036621093,70.87770268078484,70.83875564381907
2026-06-12,1276.199951171875,1276.199951171875,1276.199951171875,1276.199951171875,0.0,5.0,170.45,0.0,1231.2199951171874,1330.4400024414062,67.62067620156901,60.74032800293383
2026-06-15,1346.800048828125,1346.800048828125,1346.800048828125,1346.800048828125,0.0,0.8,170.35,0.0,1260.4,1326.6350036621093,64.57649746722623,63.819927779434295
2026-06-16,1355.9000244140625,1355.9000244140625,1355.9000244140625,1355.9000244140625,0.0,0.8,170.3,0.0,1288.860009765625,1323.5400024414062,64.29191501551709,63.08641202390257
2026-06-17,1349.0999755859375,1349.0999755859375,1349.0999755859375,1349.0999755859375,0.0,0.2,170.3,0.0,1312.5199951171876,1322.9850036621094,63.99471942479815,63.373901177819754
2026-06-18,1274.5,1274.5,1274.5,1274.5,0.0,0.0,170.3,0.0,1320.5,1318.020001220703,63.432631128080345,62.200270788289515
2026-06-22,1257.0999755859375,1257.0999755859375,1257.0999755859375,1257.0999755859375,0.0,0.0,170.3,0.0,1316.6800048828125,1311.7049987792968,64.9123297926416,61.365017434989774
2026-06-23,1230.699951171875,1230.699951171875,1230.699951171875,1230.699951171875,0.0,0.0,170.3,0.0,1293.4599853515624,1305.3399963378906,69.514207012497,68.83546613661213
2026-06-24,1161.300048828125,1161.300048828125,1161.300048828125,1161.300048828125,2.0,0.4,169.35,0.0,1254.539990234375,1294.1149963378907,69.64944271181794,68.799694249135
2026-06-25,1180.199951171875,1179.0,1194.0,1173.0,43.0,9.0,34.8,0.017793595042219862,1220.7599853515626,1283.3449951171874,67.82009168951127,63.86151605747048
2026-06-26,1209.0,1209.0,1209.0,1209.0,23.0,13.6,17.05,0.0,1207.6599853515625,1274.9149963378907,66.09772191838513,63.71961719775096
2026-06-29,1210.4000244140625,1202.0,1210.4000244140625,1200.0,10.0,15.6,15.4,0.008592220922250067,1198.3199951171875,1267.3849975585938,63.90436511303919,62.42570933334396
2026-06-30,1200.0,1200.0,1200.0,1200.0,0.0,15.6,14.1,0.0,1192.1800048828125,1259.3599975585937,58.73124902455744,59.8164345919706
2026-07-01,1212.800048828125,1212.800048828125,1212.800048828125,1212.800048828125,0.0,15.2,13.4,0.0,1202.4800048828124,1251.3450012207031,56.74187758153393,57.92438490269032
2026-07-02,1261.9000244140625,1261.9000244140625,1261.9000244140625,1261.9000244140625,0.0,6.6,6.75,0.0,1218.82001953125,1248.5850036621093,54.39237889882967,50.983136471598975
2026-07-06,1260.4000244140625,1260.4000244140625,1260.4000244140625,1260.4000244140625,0.0,2.0,6.7,0.0,1229.1000244140625,1245.6650024414062,54.67808567135472,54.091693794090205
2026-07-07,1270.5999755859375,1270.5999755859375,1270.5999755859375,1270.5999755859375,0.0,0.0,5.15,0.0,1241.1400146484375,1246.8400024414063,54.194632697107046,53.47158026422962
2026-07-08,1213.4000244140625,1213.4000244140625,1213.4000244140625,1213.4000244140625,0.0,0.0,4.1,0.0,1243.82001953125,1247.4650024414063,53.61857024477179,57.435234615614384
2026-07-09,1243.9000244140625,1243.9000244140625,1243.9000244140625,1243.9000244140625,0.0,0.0,4.1,0.0,1250.0400146484376,1248.9800048828124,53.57264180378392,52.97980015464872
2026-07-10,1266.300048828125,1266.300048828125,1266.300048828125,1266.300048828125,0.0,0.0,3.95,0.0,1250.92001953125,1250.7550048828125,53.47461251323539,52.736563250770004
2026-07-13,1242.699951171875,1242.699951171875,1242.699951171875,1242.699951171875,0.0,0.0,3.9,0.0,1247.3800048828125,1251.1600036621094,54.2555422323146,53.60502040563863
2026-07-14,1298.5999755859375,1298.5999755859375,1298.5999755859375,1298.5999755859375,0.0,0.0,3.9,0.0,1252.9800048828124,1252.2800048828126,50.13107511184922,50.41734969931049
2026-07-15,1283.199951171875,1283.199951171875,1283.199951171875,1283.199951171875,0.0,0.0,3.9,0.0,1266.939990234375,1249.1,43.6032324399882,36.48382410373362
2026-07-16,1263.5,1263.5,1263.5,1263.5,0.0,0.0,3.9,0.0,1270.8599853515625,1244.479998779297,36.00159814690612,36.24335789067765
2026-07-17,1244.0,1244.0,1244.0,1244.0,0.0,0.0,3.9,0.0,1266.3999755859375,1239.225,35.42738965196796,36.52062676355226
2026-07-20,1261.0,1261.0,1261.0,1261.0,0.0,0.0,3.9,0.0,1270.0599853515625,1238.55,36.38580670693087,36.19401919174615
2026-07-21,1279.5,1279.5,1279.5,1279.5,0.0,0.0,3.9,0.0,1266.239990234375,1239.6700012207032,38.94094257969981,37.252906505839384
2026-07-22,1302.9000244140625,1302.9000244140625,1302.9000244140625,1302.9000244140625,0.0,0.0,3.9,0.0,1270.1800048828125,1243.2800048828126,33.86778583709003,36.119575412417014
2026-07-23,1255.300048828125,1255.300048828125,1255.300048828125,1255.300048828125,0.0,0.0,3.8,0.0,1268.5400146484376,1247.9800048828124,29.89446506513267,36.33833101119346
2026-07-24,1246.699951171875,1246.699951171875,1246.699951171875,1246.699951171875,0.0,0.0,1.65,0.0,1269.0800048828125,1251.3050048828125,29.318464927929238,34.503572774640226
2026-07-27,1289.5999755859375,1289.5999755859375,1289.5999755859375,1289.5999755859375,0.0,0.0,0.5,0.0,1274.8,1255.3350036621093,27.414959179097192,30.308524234767834
2026-07-28,1266.5,1266.5,1266.5,1266.5,0.0,0.0,0.0,0.0,1272.2,1258.1400024414063,24.00667721136859,27.46516825657976
2026-07-29,1245.699951171875,1245.699951171875,1245.699951171875,1245.699951171875,14.0,2.8,0.7,0.0,1260.7599853515626,1260.425,22.97307796006078,38.674213376504966
2026-07-30,1302.199951171875,1244.5,1302.199951171875,1244.5,1.0,3.0,0.75,0.04430959402198541,1270.1399658203125,1264.8949951171876,23.08306081186368,27.061063086032046
2026-07-31,1275.5999755859375,1275.5999755859375,1275.5999755859375,1275.5999755859375,0.0,3.0,0.75,0.0,1275.919970703125,1265.5799926757813,23.292062268204493,26.575606382797087
2026-08-03,1250.9000244140625,1250.9000244140625,1250.9000244140625,1250.9000244140625,0.0,3.0,0.75,0.0,1268.17998046875,1265.1049926757812,30.825597126749244,30.311889272226818
2026-08-04,1355.300048828125,1355.300048828125,1355.300048828125,1355.300048828125,0.0,3.0,0.75,0.0,1285.939990234375,1269.3399963378906,34.6970258557426,34.11786059333869
2026-08-05,1364.699951171875,1364.699951171875,1364.699951171875,1364.699951171875,0.0,0.2,0.75,0.0,1309.739990234375,1276.9049926757812,39.84671725891343,40.561164604497314
2026-08-06,1372.9000244140625,1372.9000244140625,1372.9000244140625,1372.9000244140625,0.0,0.0,0.75,0.0,1323.8800048828125,1283.3549926757812,44.444048949326465,42.18977596274827
2026-08-07,1374.0999755859375,1370.0,1378.0,1363.5,8.0,1.6,1.15,0.010552361733226125,1343.5800048828125,1288.7449890136718,47.20047868498857,47.27411331160578
2026-08-10,1377.199951171875,1377.199951171875,1377.199951171875,1377.199951171875,0.0,1.6,1.15,0.0,1368.839990234375,1295.469989013672,49.77888173079712,48.900498508895645
2026-08-11,1366.0999755859375,1366.0999755859375,1366.0999755859375,1366.0999755859375,0.0,1.6,1.15,0.0,1370.9999755859376,1298.844989013672,52.08753648100093,48.68232334525546
2026-08-12,1370.199951171875,1370.199951171875,1370.199951171875,1370.199951171875,0.0,1.6,1.15,0.0,1372.0999755859375,1303.1949890136718,51.38878572724529,49.24122484139022
2026-08-13,1322.5999755859375,1322.5999755859375,1322.5999755859375,1322.5999755859375,4.0,2.4,1.35,0.0,1362.0399658203125,1306.1499877929687,49.34941373746464,43.81650163571424
2026-08-14,1322.5,1322.5,1322.5,1322.5,3.0,1.4,1.5,0.0,1351.719970703125,1310.0749877929688,48.21748611537263,47.31807630634534
2026-08-17,1334.0999755859375,1334.0999755859375,1334.0999755859375,1334.0999755859375,0.0,1.4,1.5,0.0,1343.0999755859375,1313.7299865722657,47.849907578402224,47.34196537628989
2026-08-18,1291.199951171875,1291.199951171875,1291.199951171875,1291.199951171875,0.0,1.4,1.5,0.0,1328.119970703125,1314.3149841308593,47.92512899051737,46.26865478806047
2026-08-19,1331.9000244140625,1331.9000244140625,1331.9000244140625,1331.9000244140625,0.0,1.4,1.5,0.0,1320.4599853515624,1315.7649841308594,45.92738677713464,46.620609557218096
2026-08-20,1336.300048828125,1336.300048828125,1336.300048828125,1336.300048828125,0.0,0.6,1.5,0.0,1323.2,1319.8149841308593,42.94184063242002,43.37562013869493
2026-08-21,1348.5,1348.5,1348.5,1348.5,0.0,0.0,1.5,0.0,1328.4,1324.9049865722657,42.85237274669567,41.87688291861526
2026-08-24,1361.800048828125,1361.800048828125,1361.800048828125,1361.800048828125,0.0,0.0,1.5,0.0,1333.9400146484375,1328.514990234375,40.28969597498208,40.56640218241139
2026-08-25,1331.9000244140625,1331.9000244140625,1331.9000244140625,1331.9000244140625,0.0,0.0,1.5,0.0,1342.080029296875,1331.7849914550782,34.914006777657214,37.86520323263488
2026-08-26,1325.0999755859375,1325.0999755859375,1325.0999755859375,1325.0999755859375,0.0,0.0,0.8,0.0,1340.72001953125,1335.7549926757813,34.008957474325946,37.29535988999912
2026-08-27,1337.5999755859375,1337.5999755859375,1337.5999755859375,1337.5999755859375,2283.0,456.6,114.9,0.0,1340.9800048828124,1337.5249938964844,36.46560670744023,36.72933372863152
2026-08-28,1428.5999755859375,1353.0,1469.5,1348.5,714.0,599.4,150.6,0.08469830748133121,1357.0,1345.1749938964845,29.077279803120348,31.60251429226848
2026-08-31,1362.9000244140625,1398.5,1401.0,1362.9000244140625,83.0,616.0,154.75,0.027955077337618678,1357.2199951171874,1350.7749938964844,29.99868621156971,30.886351252790426
2026-09-01,1317.199951171875,1348.0,1350.5,1317.199951171875,25.0,621.0,156.0,0.025280936883195982,1354.27998046875,1348.8699890136718,29.7681277076901,34.08483915065084
2026-09-02,1346.5999755859375,1346.5999755859375,1346.5999755859375,1346.5999755859375,0.0,621.0,156.0,0.0,1358.57998046875,1347.964990234375,34.14238817862052,33.9441469850443
2026-09-03,1425.9000244140625,1421.5,1426.0,1421.5,11.0,166.6,156.55,0.003155901481837172,1376.239990234375,1350.614990234375,34.900663748402856,34.770816382349345
2026-09-04,1390.0999755859375,1390.0999755859375,1390.0999755859375,1390.0999755859375,0.0,23.8,156.15,0.0,1368.539990234375,1351.414990234375,34.391241400346516,34.51225315258532
2026-09-08,1355.5999755859375,1399.5,1404.0,1355.5999755859375,10.0,9.2,156.65,0.035703766070918026,1367.07998046875,1350.3349914550781,34.42122865044374,36.04954579263677
2026-09-09,1367.300048828125,1367.300048828125,1367.300048828125,1367.300048828125,0.0,4.2,156.65,0.0,1377.1,1350.3949951171876,37.344987926120965,38.34993474171162
2026-09-10,1281.300048828125,1281.300048828125,1281.300048828125,1281.300048828125,0.0,4.2,156.65,0.0,1364.0400146484376,1345.95,37.818644139467956,39.74730491635773
2026-09-11,1310.9000244140625,1293.0,1310.9000244140625,1288.0,2.0,2.4,156.55,0.017468932784785174,1341.0400146484376,1345.3650024414062,39.19593567362111,39.91800397300519
2026-09-14,1294.5999755859375,1294.5999755859375,1294.5999755859375,1294.5999755859375,0.0,2.4,156.4,0.0,1321.9400146484375,1343.9700012207031,41.03377713926549,42.05286489157236
2026-09-15,1289.199951171875,1289.199951171875,1289.199951171875,1289.199951171875,0.0,0.4,156.4,0.0,1308.660009765625,1341.725,40.50181804668031,42.64866785687212
2026-09-16,1300.0999755859375,1300.0999755859375,1300.0999755859375,1300.0999755859375,0.0,0.4,156.4,0.0,1295.2199951171874,1342.1700012207032,42.10014183604695,42.559891554521556
2026-09-17,1290.199951171875,1290.199951171875,1290.199951171875,1290.199951171875,0.0,0.4,156.4,0.0,1296.9999755859376,1340.0849975585938,42.77516904361206,42.77022847894017
2026-09-18,1306.199951171875,1295.5,1306.199951171875,1291.5,2.0,0.4,156.5,0.011253982331485115,1296.0599609375,1338.5799926757813,43.42887248960859,42.84343445507713
2026-09-21,1302.9000244140625,1302.9000244140625,1302.9000244140625,1302.9000244140625,0.0,0.4,156.5,0.0,1297.719970703125,1336.2999938964845,44.02823031575158,43.01673801707514
2026-09-22,1292.9000244140625,1297.5,1297.5,1284.5,2.0,0.8,156.6,0.010054915116806153,1298.4599853515624,1332.8549926757812,47.113944484417544,46.693571392747664
2026-09-23,1257.9000244140625,1257.9000244140625,1257.9000244140625,1257.9000244140625,0.0,0.8,156.6,0.0,1290.0199951171876,1329.1549926757812,48.92706960032716,48.570348453784135
2026-09-24,1270.199951171875,1270.199951171875,1270.199951171875,1270.199951171875,0.0,0.8,156.6,0.0,1286.0199951171876,1326.4099914550782,50.792445242679825,49.33320678027406
2026-09-25,1263.699951171875,1263.699951171875,1263.699951171875,1263.699951171875,0.0,0.4,42.45,0.0,1277.5199951171876,1322.714990234375,50.34724727398957,43.46929812850949
2026-09-28,1209.800048828125,1219.0,1219.5,1201.5,24.0,5.2,7.95,0.014878491712275704,1258.9,1311.7749938964844,54.4764272922387,57.3325463202668
2026-09-29,1201.5999755859375,1201.5999755859375,1201.5999755859375,1201.5999755859375,2.0,5.2,3.9,0.0,1240.639990234375,1303.7099914550781,58.93833113871598,59.89705887178089
2026-09-30,1201.4000244140625,1201.4000244140625,1201.4000244140625,1201.4000244140625,0.0,5.2,2.65,0.0,1229.339990234375,1297.9199951171875,64.36834380689899,62.08199891142862
2026-10-01,1168.800048828125,1168.800048828125,1168.800048828125,1168.800048828125,0.0,5.2,2.65,0.0,1209.060009765625,1289.0299987792969,61.92062985384584,61.36239133654373
