datetime,close,open,high,low,volume,volume_ma5,volume_ma20,price_range,price_ma5,price_ma20,target_volatility,prediccion
2025-01-31,1066.9000244140625,1066.9000244140625,1066.9000244140625,1066.9000244140625,7.0,4.2,4.35,0.0,991.2599853515625,962.1999969482422,41.152613703048125,39.74874927242251
2025-02-03,1039.199951171875,1039.199951171875,1039.199951171875,1039.199951171875,0.0,3.0,4.35,0.0,1006.37998046875,968.379995727539,39.688568422216974,38.419753385548056
2025-02-04,1009.7000122070312,1027.0,1030.0,1009.7000122070312,9.0,3.6,4.8,0.02010496934490122,1017.3999877929688,973.3849975585938,38.70568443864956,36.51674458219513
2025-02-05,1014.4000244140625,1014.4000244140625,1014.4000244140625,1014.4000244140625,0.0,3.4,4.8,0.0,1026.9599975585938,978.0399993896484,36.393061831565745,36.145318179355506
2025-02-06,989.2999877929688,989.2999877929688,989.2999877929688,989.2999877929688,0.0,3.2,4.8,0.0,1023.9,981.4299987792969,33.812846178191805,33.795158870001615
2025-02-07,977.7999877929688,977.7999877929688,977.7999877929688,977.7999877929688,0.0,1.8,4.5,0.0,1006.0799926757812,984.1249969482421,33.532359779991886,32.578584569205766
2025-02-10,998.7000122070312,998.7000122070312,998.7000122070312,998.7000122070312,0.0,1.8,4.2,0.0,997.9800048828125,985.9749969482422,31.295140831718914,30.729035121314727
2025-02-11,987.5999755859375,987.5999755859375,987.5999755859375,987.5999755859375,0.0,0.0,3.9,0.0,993.5599975585938,988.6149963378906,29.254676079392592,29.398443781598655
2025-02-12,982.5999755859375,982.5999755859375,982.5999755859375,982.5999755859375,0.0,0.0,3.6,0.0,987.1999877929687,990.709994506836,29.11502359992706,29.228294346126404
2025-02-13,1015.2999877929688,1015.2999877929688,1015.2999877929688,1015.2999877929688,22.0,4.4,4.4,0.0,992.3999877929688,993.1999938964843,27.391155352019393,33.65510857996339
2025-02-14,1005.0,1005.0,1005.0,1005.0,1.0,4.6,4.15,0.0,997.839990234375,995.9349945068359,26.204034664431333,26.928138997775232
2025-02-18,1008.7000122070312,1008.7000122070312,1008.7000122070312,1008.7000122070312,0.0,4.6,3.85,0.0,999.839990234375,998.3449951171875,25.63863619561476,27.39952763346829
2025-02-19,987.2999877929688,1009.0,1009.0,987.2999877929688,2.0,5.0,3.65,0.02197914765049265,999.7799926757813,999.084994506836,25.670673972909253,26.405526852770002
2025-02-20,1004.9000244140625,1004.9000244140625,1004.9000244140625,1004.9000244140625,2.0,5.4,3.45,0.0,1004.2400024414062,999.4099945068359,25.657417115085813,26.626630079966745
2025-02-21,988.0999755859375,988.0999755859375,988.0999755859375,988.0999755859375,5.0,2.0,3.4,0.0,998.8,998.3049926757812,28.695889715447507,29.019533773907334
2025-02-24,940.5999755859375,940.5999755859375,940.5999755859375,940.5999755859375,0.0,1.8,3.1,0.0,985.9199951171875,995.2749908447265,32.55823924670696,29.855457628745967
2025-02-25,920.5,920.5,920.5,920.5,0.0,1.8,2.8,0.0,968.2799926757813,993.1199920654296,35.446379872558744,31.8611022868406
2025-02-26,920.5,920.5,920.5,920.5,2981.0,597.6,151.55,0.0,954.9199951171875,991.4149932861328,40.499639872738626,35.838085174055365
2025-02-27,901.2999877929688,923.5,925.0,899.0,471.0,691.4,175.05,0.028847221071939343,934.1999877929687,988.1499938964844,44.81939959087577,36.29457573962141
2025-02-28,899.7000122070312,900.0,900.0,890.0,9.0,692.2,175.45,0.011114815898989768,916.5199951171875,982.904995727539,40.683314508656984,37.37554054422727
2025-03-03,951.2000122070312,951.2000122070312,951.2000122070312,951.2000122070312,2.0,692.6,175.2,0.0,918.6400024414063,977.1199951171875,38.46525517420579,37.772072080133896
2025-03-04,946.2999877929688,946.2999877929688,946.2999877929688,946.2999877929688,0.0,692.6,175.2,0.0,923.8,972.4749969482422,38.0948186072412,37.55716431860757
2025-03-05,939.4000244140625,939.4000244140625,939.4000244140625,939.4000244140625,0.0,96.4,174.75,0.0,927.5800048828125,968.9599975585937,36.97299593560385,37.0748726083684
2025-03-06,942.0,942.0,942.0,942.0,0.0,2.2,174.75,0.0,935.7200073242187,965.3399963378906,36.76823885683889,36.58490965292538
2025-03-07,945.7999877929688,952.0,952.0,945.7999877929688,1.0,0.6,174.8,0.006555310094155345,944.9400024414062,963.1649963378907,36.95353058657919,35.884695486881306
2025-03-10,939.7999877929688,959.0,959.0,939.7999877929688,1.0,0.4,174.85,0.020429891951925495,942.6599975585938,961.2649963378906,36.19632549923556,34.03639367491306
2025-03-11,938.2000122070312,938.2000122070312,938.2000122070312,938.2000122070312,0.0,0.4,174.85,0.0,941.0400024414063,958.2399963378906,35.658416380910936,35.1694568869896
2025-03-12,943.2000122070312,943.2000122070312,943.2000122070312,943.2000122070312,0.0,0.4,174.85,0.0,941.8,956.0199981689453,35.10716509475114,34.486284970585494
2025-03-13,953.0,953.0,953.0,953.0,0.0,0.4,174.85,0.0,944.0,954.5399993896484,32.15565678977984,32.668032166595005
2025-03-14,962.2999877929688,959.0,980.0,959.0,6.0,1.4,174.05,0.021822716685431346,947.3,951.8899993896484,29.803295724388768,29.755467694839282
2025-03-17,963.5999755859375,963.5999755859375,963.5999755859375,963.5999755859375,0.0,1.2,174.0,0.0,952.0599975585938,949.8199981689453,26.74207072979982,23.27399954880631
2025-03-18,966.2000122070312,966.2000122070312,966.2000122070312,966.2000122070312,0.0,1.2,174.0,0.0,957.6599975585938,947.6949981689453,25.077519864557324,23.348041748503373
2025-03-19,949.2000122070312,949.2000122070312,949.2000122070312,949.2000122070312,0.0,1.2,173.9,0.0,958.8599975585937,945.7899993896484,20.879399425984502,20.353221016984065
2025-03-20,939.0999755859375,946.0,946.0,939.0999755859375,3.0,1.8,173.95,0.007347486522675428,956.0799926757812,942.4999969482421,18.08065109488286,20.135818693810148
2025-03-21,951.2000122070312,951.2000122070312,951.2000122070312,951.2000122070312,0.0,0.6,173.7,0.0,953.8599975585937,940.6549987792969,18.149086676929063,19.26897059808074
2025-03-24,947.7000122070312,948.0,949.5,947.7000122070312,3.0,1.2,173.85,0.0018993223275125704,950.6800048828125,941.0100006103515,17.69013520026777,19.56362317552099
2025-03-25,953.7999877929688,961.5,961.5,948.5,2.0,1.6,173.95,0.013629691933715743,948.2,942.675,17.409883437245934,21.109425505380965
2025-03-26,962.5,962.5,962.5,962.5,2.0,2.0,25.0,0.0,950.8599975585937,944.775,15.301423247617405,19.379542100333317
2025-03-27,973.7999877929688,969.0,974.0,969.0,13.0,4.0,2.1,0.005134524607390945,957.8,948.4,11.40036992341021,13.353008900817242
2025-03-28,974.2999877929688,965.0,974.2999877929688,965.0,3.0,4.6,1.8,0.009545302175396236,962.4199951171875,952.1299987792969,14.354535919169997,14.798233269390396
2025-03-31,991.2000122070312,991.2000122070312,991.2000122070312,991.2000122070312,3.0,4.6,1.85,0.0,971.1199951171875,954.1299987792969,16.438162176168916,16.98099421658813
2025-04-01,991.2999877929688,991.2999877929688,991.2999877929688,991.2999877929688,3.0,4.8,2.0,0.0,978.6199951171875,956.3799987792969,16.40356963615925,18.26415433865855
2025-04-02,974.5,974.5,974.5,974.5,3.0,5.0,2.15,0.0,981.0199951171875,958.1349975585938,18.28090617015739,19.08025092156186
2025-04-03,919.0999755859375,919.0999755859375,919.0999755859375,919.0999755859375,3.0,3.0,2.3,0.0,970.0799926757812,956.9899963378906,22.707333707681634,23.948978299272884
2025-04-04,896.2000122070312,896.2000122070312,896.2000122070312,896.2000122070312,3.0,3.0,2.4,0.0,954.4599975585937,954.5099975585938,28.516580714656428,27.439317865743124
2025-04-07,876.5999755859375,876.5999755859375,876.5999755859375,876.5999755859375,3.0,3.0,2.5,0.0,931.539990234375,951.3499969482422,32.84003019233884,33.36190450032409
2025-04-08,877.9000244140625,877.9000244140625,877.9000244140625,877.9000244140625,3.0,3.0,2.65,0.0,908.8599975585937,948.3349975585937,36.40819281438271,36.23197538951078
2025-04-09,878.0999755859375,878.0999755859375,878.0999755859375,878.0999755859375,3.0,3.0,2.8,0.0,889.5799926757812,945.0799957275391,38.43901248921699,38.03908026801705
2025-04-10,888.9000244140625,888.9000244140625,888.9000244140625,888.9000244140625,3.0,3.0,2.95,0.0,883.5400024414063,941.8749969482421,39.38585081306964,38.56124607724327
2025-04-11,896.7999877929688,896.7999877929688,896.7999877929688,896.7999877929688,3.0,3.0,2.8,0.0,883.6599975585938,938.5999969482422,38.99946718086539,38.92895504531708
2025-04-14,946.5999755859375,946.5999755859375,946.5999755859375,946.5999755859375,3.0,3.0,2.95,0.0,897.6599975585938,937.7499969482421,39.07873996545927,38.99205268989984
2025-04-15,968.2000122070312,968.2000122070312,968.2000122070312,968.2000122070312,3.0,3.0,3.1,0.0,915.7199951171875,937.8499969482422,39.66077974348808,39.33283520867001
2025-04-16,969.7999877929688,969.7999877929688,969.7999877929688,969.7999877929688,3.0,3.0,3.25,0.0,934.0599975585938,938.879995727539,39.83264326789717,39.2241220105506
2025-04-17,955.4000244140625,955.4000244140625,955.4000244140625,955.4000244140625,3.0,3.0,3.25,0.0,947.3599975585937,939.6949981689453,39.8531064024012,36.34867885392668
2025-04-21,925.7000122070312,925.7000122070312,925.7000122070312,925.7000122070312,3.0,3.0,3.4,0.0,953.1400024414063,938.4199981689453,39.845555191227064,34.62481013334897
2025-04-22,928.7999877929688,928.7999877929688,928.7999877929688,928.7999877929688,3.0,3.0,3.4,0.0,949.5800048828125,937.4749969482422,39.66058758657689,36.27163612461172
2025-04-23,937.7000122070312,937.7000122070312,937.7000122070312,937.7000122070312,3.0,3.0,3.45,0.0,943.4800048828125,936.6699981689453,39.292793283954765,38.74859009539672
2025-04-24,947.9000244140625,947.9000244140625,947.9000244140625,947.9000244140625,3.0,3.0,3.5,0.0,939.1000122070312,935.9399993896484,38.27461808491273,38.17931892869469
2025-04-25,931.0,931.0,931.0,931.0,3.0,3.0,3.0,0.0,934.2200073242187,933.8,37.16120817823176,37.127886992429666
2025-04-28,943.4000244140625,954.0,965.5,943.4000244140625,8.0,4.0,3.25,0.023425879811338358,937.760009765625,932.2550018310546,34.48219500605399,35.186096269608996
2025-04-29,932.5,932.5,932.5,932.5,0.0,3.4,3.1,0.0,938.5000122070312,929.3200012207031,31.257848706392565,34.63468242314687
2025-04-30,930.2000122070312,930.2000122070312,930.2000122070312,930.2000122070312,0.0,2.8,2.95,0.0,937.0000122070312,926.2650024414063,29.341314100453666,31.28413119462788
2025-05-01,939.7000122070312,939.7000122070312,939.7000122070312,939.7000122070312,0.0,2.2,2.8,0.0,935.360009765625,924.5250030517578,29.72674683628635,30.29646236322943
2025-05-02,946.9000244140625,946.9000244140625,946.9000244140625,946.9000244140625,0.0,1.6,2.65,0.0,938.5400146484375,925.915005493164,28.997138592302242,28.373555066431
2025-05-05,938.5,938.5,938.5,938.5,0.0,0.0,2.5,0.0,937.560009765625,928.0300048828125,28.25055714331633,28.274402999637413
2025-05-06,976.2999877929688,976.2999877929688,976.2999877929688,976.2999877929688,0.0,0.0,2.35,0.0,946.3200073242188,933.015005493164,26.825799099754654,27.420657534789473
2025-05-07,978.2999877929688,978.2999877929688,978.2999877929688,978.2999877929688,0.0,0.0,2.2,0.0,955.9400024414062,938.0350036621094,24.364144066917405,23.264962506441385
2025-05-08,979.4000244140625,979.4000244140625,979.4000244140625,979.4000244140625,0.0,0.0,2.05,0.0,963.8800048828125,943.1000061035156,21.959352500428654,20.826519338968506
2025-05-09,978.0,978.0,978.0,978.0,0.0,0.0,1.9,0.0,970.1,947.5550048828125,18.627094570672632,19.234249382028374
2025-05-12,938.0,938.0,938.0,938.0,0.0,0.0,1.75,0.0,970.0,949.6150054931641,18.62147631748756,19.110873077932812
2025-05-13,952.2000122070312,952.2000122070312,952.2000122070312,952.2000122070312,0.0,0.0,1.6,0.0,965.1800048828125,949.8950073242188,18.118758070503546,18.48156513636725
2025-05-14,950.2999877929688,950.2999877929688,950.2999877929688,950.2999877929688,0.0,0.0,1.45,0.0,959.5800048828125,949.0000061035156,17.821234299607276,18.511876803960135
2025-05-15,964.2000122070312,964.2000122070312,964.2000122070312,964.2000122070312,0.0,0.0,1.3,0.0,956.5400024414063,948.7200073242187,17.851576531367492,18.894412883181154
2025-05-16,956.7999877929688,956.7999877929688,956.7999877929688,956.7999877929688,0.0,0.0,1.15,0.0,952.3,948.790005493164,18.214229727611592,21.27991754724543
2025-05-19,979.2000122070312,979.2000122070312,979.2000122070312,979.2000122070312,0.0,0.0,1.0,0.0,960.5400024414063,951.4650054931641,23.25830269713477,23.213472029989056
2025-05-20,1021.5999755859375,1021.5999755859375,1021.5999755859375,1021.5999755859375,0.0,0.0,0.85,0.0,974.4199951171875,956.1050048828125,30.379754432886305,29.781907760528338
2025-05-21,1046.5999755859375,1046.5999755859375,1046.5999755859375,1046.5999755859375,0.0,0.0,0.7,0.0,993.6799926757812,961.5500030517578,33.21364652674212,33.69394864935864
2025-05-22,1024.0,1024.0,1024.0,1024.0,0.0,0.0,0.55,0.0,1005.639990234375,965.3550018310547,33.11659008498798,33.008604032116274
2025-05-23,1001.5,1001.5,1001.5,1001.5,0.0,0.0,0.4,0.0,1014.5799926757812,968.8800018310546,32.60744892042084,31.958821162067405
2025-05-27,977.2999877929688,977.2999877929688,977.2999877929688,977.2999877929688,0.0,0.0,0.0,0.0,1014.1999877929687,970.575,31.437489383601225,30.72711428433665
2025-05-28,962.2000122070312,962.2000122070312,962.2000122070312,962.2000122070312,3532.0,706.4,176.6,0.0,1002.3199951171875,972.0600006103516,29.8941797887574,31.596005522669433
2025-05-29,967.2999877929688,962.0,977.0,958.0,550.0,816.4,204.1,0.01964230356639534,986.4599975585937,973.9149993896484,28.968878892992578,29.25659314118551
2025-05-30,961.2999877929688,960.0,961.2999877929688,957.0,6.0,817.6,204.4,0.004473096689453845,973.9199951171875,974.9949981689454,28.334047313271135,30.332085225514557
2025-06-02,988.5999755859375,977.0,996.0,977.0,10.0,819.6,204.9,0.019219098188565917,971.339990234375,977.0799957275391,28.01357251832502,28.758939383094436
2025-06-03,1015.0,1015.0,1015.0,1015.0,0.0,819.6,204.9,0.0,978.8799926757813,980.904995727539,28.318307523291345,32.02273543997589
2025-06-04,1000.2999877929688,1010.0,1014.0,1000.2999877929688,27.0,118.6,206.25,0.013695903603136632,986.4999877929688,982.1049957275391,28.816552619282543,29.956215540687857
2025-06-05,1006.5,1038.5,1038.5,1002.5,41.0,16.8,208.3,0.03576751117734724,994.339990234375,983.5149963378906,33.539426775818995,33.798393131877695
2025-06-06,1060.5999755859375,1060.5999755859375,1060.5999755859375,1060.5999755859375,0.0,15.6,208.3,0.0,1014.1999877929687,987.5749938964843,39.795746656756776,39.62124177382205
2025-06-09,1084.4000244140625,1079.5,1106.0,1079.5,20.0,17.6,209.3,0.024437476395593807,1033.3599975585937,992.8949951171875,40.95737762533268,39.98101273361828
2025-06-10,1068.0,1074.0,1074.5,1068.0,7.0,19.0,209.65,0.006086142322097378,1043.9599975585938,999.3949951171875,43.78627881575545,42.70350306530836
2025-06-11,1087.0999755859375,1087.0999755859375,1087.0999755859375,1087.0999755859375,1.0,13.8,209.7,0.0,1061.3199951171875,1006.1399932861328,43.417179221862334,42.30175217149612
2025-06-12,1062.0999755859375,1062.0999755859375,1062.0999755859375,1062.0999755859375,12.0,8.0,210.3,0.0,1072.439990234375,1011.7299926757812,42.33286440148677,41.80995131653611
2025-06-13,1039.5999755859375,1039.5999755859375,1039.5999755859375,1039.5999755859375,0.0,8.0,210.3,0.0,1068.239990234375,1015.4999908447265,40.21907410307065,39.60514408028559
2025-06-16,1036.699951171875,1055.5,1055.5,1032.0,10.0,6.0,210.8,0.022668082479830196,1058.6999755859374,1019.4949890136719,40.12953479736616,38.026034124335936
2025-06-17,1062.300048828125,1062.300048828125,1062.300048828125,1062.300048828125,0.0,4.6,210.8,0.0,1057.5599853515625,1023.6499908447265,41.01837442258041,41.031425139220126
2025-06-18,1061.800048828125,1057.0,1067.0,1057.0,0.0,4.4,210.8,0.009417969052682454,1052.5,1025.659994506836,41.207952388310446,40.78122089601549
2025-06-20,1052.800048828125,1046.0,1052.800048828125,1046.0,1.0,2.2,210.85,0.006459012645083134,1050.6400146484375,1025.9699981689453,43.51272457381085,40.73715008818544
2025-06-23,1088.5999755859375,1088.5999755859375,1096.0,1088.5999755859375,4.0,3.0,211.05,0.006797744424052046,1060.4400146484375,1029.1999969482422,43.782251088210124,42.50714261777684
2025-06-24,1067.0,1067.0,1067.0,1067.0,0.0,1.0,211.05,0.0,1066.5000244140624,1032.4749969482423,42.34726093943487,42.05285459024921
2025-06-25,1065.4000244140625,1065.4000244140625,1065.4000244140625,1065.4000244140625,0.0,1.0,211.05,0.0,1067.12001953125,1036.8799987792968,44.156780839782584,42.64063484084455
2025-06-26,1137.300048828125,1137.300048828125,1137.300048828125,1137.300048828125,82.0,17.4,38.55,0.0,1082.22001953125,1045.6350006103517,45.48781346050753,42.7679145249695
2025-06-27,1145.5999755859375,1145.5999755859375,1145.5999755859375,1145.5999755859375,2.0,17.6,11.15,0.0,1100.7800048828126,1054.55,40.96717933356918,42.235510308980956
2025-06-30,1102.0999755859375,1102.0999755859375,1102.0999755859375,1102.0999755859375,0.0,16.8,10.85,0.0,1103.4800048828124,1061.5899993896485,38.25478962909639,39.08212205428619
2025-07-01,1105.5,1105.5,1105.5,1105.5,0.0,16.8,10.35,0.0,1111.1800048828125,1067.4350006103516,41.08361786996592,39.745693467663074
2025-07-02,1157.0,1157.0,1157.0,1157.0,0.0,16.8,10.35,0.0,1129.5,1074.5350006103515,39.383880848791804,41.36183001177635
2025-07-03,1136.5,1136.5,1136.5,1136.5,0.0,0.4,9.0,0.0,1129.339990234375,1081.3450012207031,35.464058453391985,37.1826954385573
2025-07-07,1103.699951171875,1103.699951171875,1103.699951171875,1103.699951171875,0.0,0.0,6.95,0.0,1120.9599853515624,1086.2049987792968,35.335990099919215,36.42334181996173
2025-07-08,1110.9000244140625,1110.9000244140625,1110.9000244140625,1110.9000244140625,0.0,0.0,6.95,0.0,1122.7199951171874,1088.7200012207031,36.54012345803613,36.406022670251176
2025-07-09,1130.800048828125,1130.800048828125,1130.800048828125,1130.800048828125,0.0,0.0,5.95,0.0,1127.7800048828126,1091.0400024414062,41.87693318966202,38.00639909672409
2025-07-10,1186.9000244140625,1183.5,1214.5,1183.5,11.0,2.2,6.15,0.026118459316153256,1133.760009765625,1096.9850036621094,57.34268977222569,51.01123463057436
2025-07-11,1273.0,1273.0,1273.0,1273.0,0.0,2.2,6.1,0.0,1161.060009765625,1106.2800048828126,62.63356302337947,60.94086886132095
2025-07-14,1230.5,1230.5,1230.5,1230.5,0.0,2.2,5.5,0.0,1186.42001953125,1114.7000061035155,65.83822139599698,60.854820828194725
2025-07-15,1239.0,1239.0,1239.0,1239.0,0.0,2.2,5.5,0.0,1212.0400146484376,1124.6700073242187,70.79207015190929,62.10872208455353
2025-07-16,1278.0,1278.0,1278.0,1278.0,0.0,2.2,5.0,0.0,1241.4800048828124,1136.735009765625,76.38571344461299,63.54504113094051
2025-07-17,1291.0,1282.5,1300.0,1282.5,8.0,1.6,5.4,0.013555383423702556,1262.3,1148.1700073242187,79.93813900833625,74.36488225993931
2025-07-18,1291.9000244140625,1360.0,1360.0,1291.9000244140625,5.0,2.6,5.65,0.05271303839228894,1266.0800048828125,1159.6750061035157,80.94661718266546,78.56469153555301
2025-07-21,1291.4000244140625,1291.4000244140625,1291.4000244140625,1291.4000244140625,0.0,2.6,5.6,0.0,1278.260009765625,1171.6050048828124,84.3094749915201,80.20584489161942
2025-07-22,1312.9000244140625,1312.9000244140625,1312.9000244140625,1312.9000244140625,0.0,2.6,5.4,0.0,1293.0400146484376,1182.8200073242188,84.66025363816932,82.07714567804449
2025-07-23,1315.5999755859375,1315.5999755859375,1315.5999755859375,1315.5999755859375,0.0,2.6,5.4,0.0,1300.560009765625,1195.2500061035157,80.7084188687015,81.97860050950426
2025-07-24,1277.0,1277.0,1277.0,1277.0,0.0,1.0,5.4,0.0,1297.760009765625,1205.8300048828125,79.44392921696873,77.38467242904477
2025-07-25,1243.4000244140625,1243.4000244140625,1243.4000244140625,1243.4000244140625,0.0,0.0,1.3,0.0,1288.060009765625,1211.1350036621093,79.31356221779652,74.66080418972017
2025-07-28,1280.5,1280.5,1280.5,1280.5,0.0,0.0,1.2,0.0,1285.8800048828125,1217.8800048828125,75.13839988136833,75.98315848093425
2025-07-29,1268.199951171875,1268.199951171875,1268.199951171875,1268.199951171875,17.0,3.4,2.05,0.0,1276.939990234375,1226.1850036621095,69.74626830196493,68.50279331394353
2025-07-30,1255.199951171875,1255.199951171875,1255.199951171875,1255.199951171875,24.0,8.2,3.25,0.0,1264.8599853515625,1233.6700012207032,68.01047683742215,66.60455393727226
2025-07-31,1196.0999755859375,1196.0999755859375,1196.0999755859375,1196.0999755859375,0.0,8.2,3.25,0.0,1248.67998046875,1235.625,64.30645572296422,62.14094252198148
2025-08-01,1207.9000244140625,1207.9000244140625,1207.9000244140625,1207.9000244140625,0.0,8.2,3.25,0.0,1241.57998046875,1239.195001220703,57.01713801725599,58.94652566911536
2025-08-04,1194.800048828125,1194.800048828125,1194.800048828125,1194.800048828125,0.0,8.2,3.25,0.0,1224.439990234375,1243.7500061035157,49.365945115653744,56.66492072282806
2025-08-05,1193.5,1193.5,1193.5,1193.5,0.0,4.8,3.25,0.0,1209.5,1247.8800048828125,48.557543831923404,54.782617512726866
2025-08-06,1137.4000244140625,1137.4000244140625,1137.4000244140625,1137.4000244140625,0.0,0.0,3.25,0.0,1185.9400146484375,1248.2100036621093,50.590817305792044,54.68776459591731
2025-08-07,1160.9000244140625,1160.9000244140625,1160.9000244140625,1160.9000244140625,0.0,0.0,2.7,0.0,1178.9000244140625,1246.9100036621094,56.148895365005295,56.52001690468891
2025-08-08,1133.199951171875,1133.199951171875,1133.199951171875,1133.199951171875,0.0,0.0,2.7,0.0,1163.960009765625,1239.9200012207032,59.68229043490499,61.38031901400415
2025-08-11,1149.4000244140625,1149.4000244140625,1149.4000244140625,1149.4000244140625,0.0,0.0,2.7,0.0,1154.8800048828125,1235.8650024414062,64.08934645878306,64.18290990045519
2025-08-12,1131.199951171875,1131.199951171875,1131.199951171875,1131.199951171875,0.0,0.0,2.7,0.0,1142.4199951171875,1230.475,67.47897595324932,66.49454931833772
2025-08-13,1121.0999755859375,1121.0999755859375,1121.0999755859375,1121.0999755859375,0.0,0.0,2.7,0.0,1139.1599853515625,1222.6299987792968,67.61795108145189,66.29081703388215
2025-08-14,1144.5,1144.5,1144.5,1144.5,0.0,0.0,2.3,0.0,1135.87998046875,1215.304998779297,69.17057768559054,66.99950321912412
2025-08-15,1107.5999755859375,1107.5999755859375,1107.5999755859375,1107.5999755859375,0.0,0.0,2.05,0.0,1130.7599853515626,1206.0899963378906,68.57819124869516,64.58914761552097
2025-08-18,1121.4000244140625,1121.4000244140625,1121.4000244140625,1121.4000244140625,0.0,0.0,2.05,0.0,1125.1599853515625,1197.5899963378906,66.09703770266644,62.51750052671505
2025-08-19,1101.800048828125,1101.800048828125,1101.800048828125,1101.800048828125,0.0,0.0,2.05,0.0,1119.2800048828126,1187.0349975585937,60.758617172930336,57.378764991933686
2025-08-20,1111.199951171875,1111.199951171875,1111.199951171875,1111.199951171875,0.0,0.0,2.05,0.0,1117.3,1176.8149963378905,57.910440336084044,57.10290041653882
2025-08-21,1105.5,1105.5,1105.5,1105.5,0.0,0.0,2.05,0.0,1109.5,1168.2399963378907,55.89115340865329,54.87220891979043
2025-08-22,1123.5,1123.5,1123.5,1123.5,0.0,0.0,2.05,0.0,1112.6800048828125,1162.2449951171875,50.8313608507671,53.06818160939754
2025-08-25,1087.5,1087.5,1087.5,1087.5,0.0,0.0,2.05,0.0,1105.9,1152.5949951171874,45.139138021264195,46.110489300927036
2025-08-26,1084.199951171875,1084.199951171875,1084.199951171875,1084.199951171875,0.0,0.0,1.2,0.0,1102.37998046875,1143.3949951171876,38.71785928014418,39.359734390977536
2025-08-27,1082.0,1082.0,1082.0,1082.0,4021.0,804.2,201.05,0.0,1096.539990234375,1134.7349975585937,36.423117614547444,35.93537242385744
2025-08-28,1104.5999755859375,1093.0,1115.0,1089.5,880.0,980.2,245.05,0.02308528024950704,1096.3599853515625,1130.1599975585937,31.837046714431164,29.233470209986713
2025-08-29,1105.199951171875,1086.0,1105.199951171875,1084.5,0.0,980.2,245.05,0.01872959834093935,1092.6999755859374,1125.0249938964844,27.480766683192105,27.72733870841093
2025-09-02,1136.4000244140625,1130.0,1156.0,1124.5,11.0,982.4,245.6,0.02771911239287562,1102.47998046875,1122.1049926757812,24.465505089296904,28.01407612893753
2025-09-03,1168.5,1136.0,1168.5,1136.0,28.0,988.0,247.0,0.02781343602909713,1119.339990234375,1120.8549926757812,24.18504902988663,29.75781045966746
2025-09-04,1125.5,1125.5,1125.5,1125.5,0.0,183.8,247.0,0.0,1128.039990234375,1120.259991455078,22.26074452602493,26.248393324059617
2025-09-05,1111.5999755859375,1135.0,1135.5,1111.5999755859375,4.0,8.6,247.2,0.021500562197713718,1129.439990234375,1117.794989013672,22.528130765955783,26.1748924823385
2025-09-08,1139.4000244140625,1121.5,1139.4000244140625,1121.5,2.0,9.0,247.3,0.015710043909528265,1136.2800048828126,1118.1049926757812,21.369464965728877,33.484624342815955
2025-09-09,1124.699951171875,1124.699951171875,1124.699951171875,1124.699951171875,0.0,6.8,247.3,0.0,1133.939990234375,1116.8699890136718,27.402854112503267,30.867271170437625
2025-09-10,1194.300048828125,1195.5,1196.5,1194.300048828125,18.0,4.8,248.2,0.0018420422690542827,1139.1,1120.0249938964844,35.31536176073036,39.43601219328362
2025-09-11,1219.5999755859375,1198.5,1219.5999755859375,1198.5,28.0,10.4,249.6,0.017300734673924827,1157.9199951171875,1124.9499938964843,42.204701385072816,42.818277420220056
2025-09-12,1229.300048828125,1212.5,1244.0,1212.5,49.0,19.4,252.05,0.02562433803694104,1181.460009765625,1129.1899963378905,45.02003003200129,45.555187135969426
2025-09-15,1204.0,1204.0,1204.0,1204.0,1.0,19.2,252.1,0.0,1194.3800048828125,1134.0099975585938,46.04633228416645,45.517549930443046
2025-09-16,1179.9000244140625,1179.9000244140625,1179.9000244140625,1179.9000244140625,0.0,19.2,252.1,0.0,1205.42001953125,1136.9349975585938,45.431993299900036,45.80636791116289
2025-09-17,1154.4000244140625,1154.4000244140625,1154.4000244140625,1154.4000244140625,9.0,17.4,252.55,0.0,1197.4400146484375,1139.5649963378905,45.34076570377706,45.20211994322958
2025-09-18,1168.0,1168.0,1168.0,1168.0,14.0,14.6,253.25,0.0,1187.12001953125,1142.4049987792969,44.52427419942275,44.390752131793626
2025-09-19,1150.800048828125,1150.800048828125,1150.800048828125,1150.800048828125,0.0,4.8,253.25,0.0,1171.42001953125,1144.6700012207032,45.523374129194394,44.541881681670176
2025-09-22,1193.699951171875,1155.0,1193.699951171875,1155.0,1.0,4.8,253.3,0.032420166503217676,1169.360009765625,1148.179998779297,46.8597808199359,45.84177834416706
2025-09-23,1232.300048828125,1232.300048828125,1232.300048828125,1232.300048828125,0.0,4.8,253.3,0.0,1179.8400146484375,1155.4200012207032,45.91801448927721,46.4705340868041
2025-09-24,1221.4000244140625,1221.4000244140625,1221.4000244140625,1221.4000244140625,3.0,3.6,253.45,0.0,1193.2400146484374,1162.2800048828126,47.228976273981644,47.80607466030956
2025-09-25,1264.4000244140625,1264.4000244140625,1264.4000244140625,1264.4000244140625,2.0,1.2,52.5,0.0,1212.52001953125,1171.4000061035156,51.59253067274829,60.2436332806806
2025-09-26,1291.4000244140625,1291.4000244140625,1291.4000244140625,1291.4000244140625,66.0,14.4,11.8,0.0,1240.6400146484375,1180.740008544922,51.70659852343141,56.87771358522065
2025-09-29,1265.699951171875,1298.0,1301.5,1265.699951171875,100.0,34.2,16.8,0.028284783289261227,1255.0400146484376,1188.7650085449218,52.732383679277106,54.56896136199752
2025-09-30,1263.5,1263.5,1263.5,1263.5,15.0,37.2,17.0,0.0,1261.2800048828126,1195.1200073242187,53.73203507871234,53.11138256179081
2025-10-01,1250.5,1250.5,1250.5,1250.5,29.0,42.4,17.05,0.0,1267.1,1199.2200073242188,51.511049152365004,56.77233621616049
2025-10-02,1239.800048828125,1239.800048828125,1239.800048828125,1239.800048828125,5.0,43.0,17.3,0.0,1262.1800048828125,1204.935009765625,48.684424942150144,52.064165882765785
2025-10-03,1273.0,1278.5,1278.5,1272.5,37.0,37.2,18.95,0.004713275726630008,1258.5,1213.0050109863282,51.71224508281752,54.89539595292242
2025-10-06,1326.800048828125,1287.5,1326.800048828125,1280.0,29.0,23.0,20.3,0.03527287240414288,1270.72001953125,1222.3750122070312,53.54074808249952,73.1480978845602
2025-10-07,1347.5999755859375,1329.0,1375.0,1323.0,45.0,29.0,22.55,0.038587118538192584,1287.5400146484376,1233.5200134277343,71.90990479214383,73.39315857593216
2025-10-08,1454.199951171875,1413.0,1465.0,1399.0,29.0,29.0,23.1,0.045385780646474055,1328.2800048828126,1246.5150085449218,82.44671989381612,82.19046360836936
2025-10-09,1430.5,1430.5,1430.5,1430.5,0.0,28.0,21.7,0.0,1366.4199951171875,1257.060009765625,92.42461823054255,89.44113965126748
2025-10-10,1447.5999755859375,1485.5,1493.0,1447.5999755859375,31.0,26.8,20.8,0.03136227216064035,1401.339990234375,1267.9750061035156,105.58949069537545,95.23289688560789
2025-10-13,1509.4000244140625,1509.4000244140625,1509.4000244140625,1509.4000244140625,31.0,27.2,22.3,0.0,1437.8599853515625,1283.2450073242187,120.40560097434162,101.83249245616423
2025-10-14,1569.4000244140625,1569.4000244140625,1569.4000244140625,1559.0,38.0,25.8,24.2,0.006626751785571918,1482.2199951171874,1302.7200073242188,128.92538312393248,121.78512624633599
2025-10-15,1569.0999755859375,1569.0999755859375,1569.0999755859375,1569.0999755859375,0.0,20.0,23.75,0.0,1505.2,1323.4550048828125,143.21693319163793,136.27248719886998
2025-10-16,1655.0,1655.0,1655.0,1655.0,6.0,21.2,23.35,0.0,1550.1,1347.8050048828125,139.12339497492786,136.02380694228543
2025-10-17,1499.199951171875,1499.199951171875,1499.199951171875,1499.199951171875,2.0,15.4,23.45,0.0,1560.4199951171875,1365.225,136.79559295347215,133.18193314802505
2025-10-20,1514.800048828125,1514.800048828125,1514.800048828125,1514.800048828125,0.0,9.2,23.4,0.0,1561.5,1381.2800048828126,132.32896823679775,130.37960057375966
2025-10-21,1412.5999755859375,1412.5999755859375,1412.5999755859375,1412.5999755859375,0.0,1.6,23.4,0.0,1530.139990234375,1390.2950012207032,126.54118402732973,103.09334335977488
2025-10-22,1439.699951171875,1439.699951171875,1439.699951171875,1439.699951171875,10.0,3.6,23.75,0.0,1504.2599853515626,1401.2099975585938,123.17047929747845,110.18025358925975
2025-10-23,1470.9000244140625,1470.9000244140625,1470.9000244140625,1470.9000244140625,0.0,2.4,23.65,0.0,1467.439990234375,1411.5349975585937,120.31626775479165,112.0749604915917
2025-10-24,1463.5999755859375,1463.5999755859375,1463.5999755859375,1463.5999755859375,0.0,2.0,20.35,0.0,1460.3199951171875,1420.1449951171876,114.72640831201184,102.32567069560966
2025-10-27,1415.9000244140625,1415.9000244140625,1415.9000244140625,1415.9000244140625,0.0,2.0,15.35,0.0,1440.539990234375,1427.6549987792969,108.28517077262144,77.02524570046936
2025-10-28,1402.699951171875,1402.699951171875,1402.699951171875,1402.699951171875,0.0,2.0,14.6,0.0,1438.5599853515625,1434.6149963378907,99.2905537688824,85.09767033702528
2025-10-29,1429.5,1429.5,1429.5,1429.5,9.0,1.8,13.6,0.0,1436.5199951171876,1443.5649963378905,86.95359754432765,79.25710467809864
2025-10-30,1461.5,1452.5,1461.5,1452.5,22.0,6.2,14.45,0.006158056790968184,1434.639990234375,1454.6499938964844,75.841203146035,73.22854475188818
2025-10-31,1444.699951171875,1473.0,1473.0,1444.699951171875,17.0,9.6,13.45,0.019588876434286084,1430.8599853515625,1463.2349914550782,68.90764649722686,73.07219134182995
2025-11-03,1446.9000244140625,1446.9000244140625,1446.9000244140625,1446.9000244140625,0.0,9.6,12.0,0.0,1437.0599853515625,1469.239990234375,64.22891009017465,67.21828370377766
2025-11-04,1412.9000244140625,1412.9000244140625,1412.9000244140625,1412.9000244140625,0.0,9.6,9.75,0.0,1439.1,1472.5049926757813,64.45968858297486,65.26372697499835
2025-11-05,1442.4000244140625,1442.4000244140625,1442.4000244140625,1442.4000244140625,11.0,10.0,8.85,0.0,1441.6800048828125,1471.9149963378907,66.55660245256034,62.853992137175375
2025-11-06,1388.0999755859375,1388.0999755859375,1388.0999755859375,1388.0999755859375,0.0,5.6,8.85,0.0,1427.0,1469.7949951171875,68.3652110223215,65.81250958485033
2025-11-07,1397.300048828125,1397.300048828125,1397.300048828125,1397.300048828125,1.0,2.4,7.35,0.0,1417.52001953125,1467.2799987792969,67.82059601114504,65.00922416821768
2025-11-10,1443.0999755859375,1443.0999755859375,1443.0999755859375,1443.0999755859375,1.0,2.6,5.85,0.0,1416.760009765625,1463.9649963378906,63.15042069888289,65.45595593921561
2025-11-11,1467.5999755859375,1467.5999755859375,1467.5999755859375,1467.5999755859375,0.0,2.6,3.95,0.0,1427.7,1458.8749938964843,58.51927794500511,59.3105042200808
2025-11-12,1499.9000244140625,1499.9000244140625,1499.9000244140625,1499.9000244140625,0.0,0.4,3.95,0.0,1439.2,1455.4149963378907,35.356925743959465,50.394394722750484
2025-11-13,1470.4000244140625,1497.0,1517.0,1470.4000244140625,23.0,5.0,4.8,0.031692039453350154,1455.660009765625,1446.1849975585938,33.46869829520068,57.6114815167459
2025-11-14,1420.699951171875,1416.5,1425.5,1416.0,10.0,6.8,5.2,0.0066868447430886825,1460.339990234375,1442.2599975585938,29.3043106566455,37.12030213016537
2025-11-17,1413.9000244140625,1413.9000244140625,1413.9000244140625,1413.9000244140625,0.0,6.6,5.2,0.0,1454.5,1437.2149963378906,29.041958559975193,39.596636547478965
2025-11-18,1419.4000244140625,1419.4000244140625,1419.4000244140625,1419.4000244140625,0.0,6.6,5.2,0.0,1444.860009765625,1437.554998779297,30.09374976518253,36.93569151269931
2025-11-19,1402.0999755859375,1402.0999755859375,1402.0999755859375,1402.0999755859375,3.0,7.2,4.85,0.0,1425.3,1435.675,31.130328672897516,37.147250244764365
2025-11-20,1382.4000244140625,1382.4000244140625,1382.4000244140625,1382.4000244140625,5.0,3.6,5.1,0.0,1407.7,1431.25,31.885365236157263,37.912234279753676
2025-11-21,1383.5999755859375,1383.5999755859375,1383.5999755859375,1383.5999755859375,1.0,1.8,5.15,0.0,1400.2800048828126,1427.25,32.2515307507118,42.436733920355394
2025-11-24,1403.0999755859375,1387.5,1403.0999755859375,1387.5,5.0,2.8,5.4,0.011118220980242635,1398.1199951171875,1426.6099975585937,32.27122804075089,60.23478227856273
2025-11-25,1402.199951171875,1402.199951171875,1402.199951171875,1402.199951171875,3953.0,793.4,203.05,0.0,1394.67998046875,1426.5849975585938,32.27590839499909,32.6259704815532
2025-11-26,1422.5,1400.0,1431.0,1399.0,1097.0,1012.2,257.45,0.02249560632688928,1398.7599853515626,1426.2349975585937,32.72018649020652,32.94334696129362
2025-11-28,1468.5999755859375,1427.0,1468.5999755859375,1418.5,74.0,1026.0,260.05,0.0341141062364166,1415.9999755859376,1426.5899963378906,32.72310991023982,34.49514792889638
2025-12-01,1444.800048828125,1478.5,1478.5,1444.800048828125,68.0,1039.4,262.6,0.023324993101439175,1428.239990234375,1426.5950012207031,33.924899747775996,35.96314609909444
2025-12-02,1470.9000244140625,1470.9000244140625,1470.9000244140625,1470.9000244140625,24.0,1043.2,263.8,0.0,1441.8,1427.7950012207032,35.424160158648455,35.55848917604473
2025-12-03,1476.800048828125,1470.5,1476.800048828125,1470.5,32.0,259.0,265.4,0.004266013420790604,1456.72001953125,1430.9900024414062,35.648192730042204,36.355911993551885
2025-12-04,1451.9000244140625,1449.5,1451.9000244140625,1449.5,19.0,43.4,265.8,0.0016530231928545275,1462.6000244140625,1431.4650024414063,35.23224062638306,35.92727363819397
2025-12-05,1472.4000244140625,1472.0,1479.0,1469.0,29.0,34.4,267.25,0.00679163259589015,1463.3600341796875,1435.6800048828125,35.56744779404517,36.84972873780029
2025-12-08,1483.5999755859375,1495.5,1500.0,1483.5999755859375,26.0,26.0,268.5,0.011054209142586043,1471.12001953125,1439.9950012207032,38.99501664990421,44.898617827131964
2025-12-09,1511.4000244140625,1511.4000244140625,1511.4000244140625,1511.4000244140625,0.0,21.2,268.45,0.0,1479.22001953125,1443.4100036621094,38.746035055884754,79.62991211794322
2025-12-10,1458.300048828125,1458.300048828125,1458.300048828125,1458.300048828125,1.0,15.0,268.5,0.0,1475.52001953125,1442.9450073242188,39.826951818375065,46.730628811112496
2025-12-11,1512.699951171875,1494.0,1512.699951171875,1494.0,1.0,11.4,268.55,0.012361969839020829,1487.6800048828125,1443.5850036621093,42.49398689746716,62.902233247029656
2025-12-12,1514.199951171875,1555.5,1555.5,1514.199951171875,10.0,7.6,267.9,0.027275161907224947,1496.039990234375,1445.775,53.220358320218054,81.55643460404383
2025-12-15,1592.800048828125,1592.800048828125,1592.800048828125,1592.800048828125,1.0,2.6,267.45,0.0,1517.8800048828125,1454.3800048828125,64.71587712281278,76.4860995663191
2025-12-16,1626.5999755859375,1626.5999755859375,1626.5999755859375,1626.5999755859375,0.0,2.6,267.45,0.0,1540.9199951171875,1465.0150024414063,80.14136055243809,85.13886514321251
2025-12-17,1684.199951171875,1655.5,1684.199951171875,1646.0,29.0,8.2,268.9,0.02268136342439345,1586.0999755859375,1478.2549987792968,96.79277482071278,99.604825991797
2025-12-18,1737.9000244140625,1728.5,1747.5,1723.0,32.0,14.4,270.35,0.014097473764787039,1631.139990234375,1495.0450012207032,108.35916335881276,113.59944698126426
2025-12-19,1749.0,1749.0,1749.0,1725.0,11.0,14.6,270.65,0.0137221269296741,1678.1,1513.375,120.58369243154114,121.30653523771123
2025-12-22,1793.4000244140625,1815.0,1818.0,1793.4000244140625,13.0,17.0,271.25,0.013716948394697817,1718.2199951171874,1533.8650024414062,143.9851245131134,140.18759562347282
2025-12-23,1918.5999755859375,1855.0,1925.5,1855.0,25.0,22.0,272.25,0.036745544093145004,1776.6199951171875,1559.6400024414063,146.0344527686285,142.9746266739273
2025-12-24,1766.300048828125,1766.300048828125,1766.300048828125,1766.300048828125,0.0,16.2,74.6,0.0,1793.0400146484376,1577.8450073242188,167.14169867621766,151.03936018540392
2025-12-26,1984.699951171875,1984.699951171875,1984.699951171875,1984.699951171875,0.0,9.8,19.75,0.0,1842.4,1605.9550048828125,164.17299831651945,155.09118583975007
2025-12-29,1648.300048828125,1648.300048828125,1648.300048828125,1648.300048828125,65.0,20.6,19.3,0.0,1822.260009765625,1614.940008544922,160.28681486710133,156.0627003376401
2025-12-30,1706.699951171875,1650.5,1706.699951171875,1650.5,33.0,24.6,17.55,0.032929016687020064,1804.9199951171875,1628.0350036621094,155.9693643068556,152.5025248330231
2025-12-31,1629.199951171875,1629.199951171875,1629.199951171875,1629.199951171875,0.0,19.6,16.35,0.0,1747.039990234375,1635.95,151.49657524685466,150.72617571239923
